-- phpMyAdmin SQL Dump
-- version 5.2.1
-- https://www.phpmyadmin.net/
--
-- Host: mysql
-- Generation Time: Feb 14, 2025 at 10:58 AM
-- Server version: 5.7.44
-- PHP Version: 8.2.27

SET SQL_MODE = "NO_AUTO_VALUE_ON_ZERO";
START TRANSACTION;
SET time_zone = "+00:00";


/*!40101 SET @OLD_CHARACTER_SET_CLIENT=@@CHARACTER_SET_CLIENT */;
/*!40101 SET @OLD_CHARACTER_SET_RESULTS=@@CHARACTER_SET_RESULTS */;
/*!40101 SET @OLD_COLLATION_CONNECTION=@@COLLATION_CONNECTION */;
/*!40101 SET NAMES utf8mb4 */;

--
-- Database: `csaposapp`
--
CREATE DATABASE IF NOT EXISTS `csaposapp` DEFAULT CHARACTER SET utf8 COLLATE utf8_general_ci;
USE `csaposapp`;

-- --------------------------------------------------------

--
-- Table structure for table `achievements`
--

CREATE TABLE `achievements` (
  `id` char(36) NOT NULL,
  `name` varchar(100) NOT NULL,
  `description` text NOT NULL,
  `criteria` varchar(255) NOT NULL,
  `icon_url` varchar(255) DEFAULT NULL,
  `points` int(11) DEFAULT '0',
  `type` varchar(50) DEFAULT NULL,
  `created_at` timestamp NOT NULL DEFAULT CURRENT_TIMESTAMP,
  `updated_at` timestamp NOT NULL DEFAULT CURRENT_TIMESTAMP ON UPDATE CURRENT_TIMESTAMP
) ENGINE=InnoDB DEFAULT CHARSET=utf8;

-- --------------------------------------------------------

--
-- Table structure for table `business_hours`
--

CREATE TABLE `business_hours` (
  `id` char(36) NOT NULL,
  `monday_open` time NOT NULL,
  `tuesday_open` time NOT NULL,
  `wednesday_open` time NOT NULL,
  `thursday_open` time NOT NULL,
  `friday_open` time NOT NULL,
  `saturday_open` time NOT NULL,
  `sunday_open` time NOT NULL,
  `monday_close` time NOT NULL,
  `tuesday_close` time NOT NULL,
  `wednesday_close` time NOT NULL,
  `thursday_close` time NOT NULL,
  `friday_close` time NOT NULL,
  `saturday_close` time NOT NULL,
  `sunday_close` time NOT NULL,
  `location_id` char(36) NOT NULL,
  `name` varchar(100) NOT NULL,
  `created_at` timestamp NOT NULL DEFAULT CURRENT_TIMESTAMP,
  `updated_at` timestamp NOT NULL DEFAULT CURRENT_TIMESTAMP ON UPDATE CURRENT_TIMESTAMP
) ENGINE=InnoDB DEFAULT CHARSET=utf8;

-- --------------------------------------------------------

--
-- Table structure for table `events`
--

CREATE TABLE `events` (
  `id` char(36) NOT NULL,
  `location_id` char(36) DEFAULT NULL,
  `name` varchar(50) NOT NULL,
  `description` varchar(255) NOT NULL,
  `timefrom` datetime NOT NULL,
  `timeto` datetime NOT NULL,
  `img_url` varchar(255) DEFAULT NULL,
  `created_at` timestamp NOT NULL DEFAULT CURRENT_TIMESTAMP,
  `updated_at` timestamp NOT NULL DEFAULT CURRENT_TIMESTAMP ON UPDATE CURRENT_TIMESTAMP
) ENGINE=InnoDB DEFAULT CHARSET=utf8;

-- --------------------------------------------------------

--
-- Table structure for table `event_attendance`
--

CREATE TABLE `event_attendance` (
  `id` char(36) NOT NULL,
  `user_id` char(36) DEFAULT NULL,
  `event_id` char(36) DEFAULT NULL,
  `created_at` timestamp NOT NULL DEFAULT CURRENT_TIMESTAMP,
  `updated_at` timestamp NOT NULL DEFAULT CURRENT_TIMESTAMP ON UPDATE CURRENT_TIMESTAMP
) ENGINE=InnoDB DEFAULT CHARSET=utf8;

-- --------------------------------------------------------

--
-- Table structure for table `friendships`
--

CREATE TABLE `friendships` (
  `id` char(36) NOT NULL,
  `user_id1` char(36) NOT NULL,
  `user_id2` char(36) NOT NULL,
  `status` enum('pending','accepted','rejected','blocked') DEFAULT 'pending',
  `created_at` timestamp NOT NULL DEFAULT CURRENT_TIMESTAMP,
  `updated_at` timestamp NOT NULL DEFAULT CURRENT_TIMESTAMP ON UPDATE CURRENT_TIMESTAMP
) ENGINE=InnoDB DEFAULT CHARSET=utf8;

--
-- Dumping data for table `friendships`
--

INSERT INTO `friendships` (`id`, `user_id1`, `user_id2`, `status`, `created_at`, `updated_at`) VALUES
('04bb6b07-0a1e-454a-8f5f-d5bb33ab215a', '63989529-55af-4551-9c29-73c1e28c7e61', '594202c5-186f-4006-acfc-e23277fc48f1', 'accepted', '2025-02-14 10:03:33', '2025-02-14 10:04:22'),
('539dafd5-9318-48be-84f1-e5e769a4629b', '63989529-55af-4551-9c29-73c1e28c7e61', '28c9767c-cc7c-4948-836a-512a749df074', 'accepted', '2025-02-14 10:03:49', '2025-02-14 10:05:05'),
('942070b9-b0bf-48a8-8819-32ea4b5f3cc1', '28c9767c-cc7c-4948-836a-512a749df074', '1de8b8ff-1117-4204-9810-a74839453e4c', 'pending', '2025-02-14 09:32:58', '2025-02-14 09:32:43');

-- --------------------------------------------------------

--
-- Table structure for table `locations`
--

CREATE TABLE `locations` (
  `id` char(36) NOT NULL,
  `name` varchar(100) NOT NULL,
  `description` varchar(255) NOT NULL,
  `address` varchar(100) NOT NULL,
  `capacity` int(11) NOT NULL,
  `number_of_tables` int(11) NOT NULL,
  `rating` tinyint(4) DEFAULT NULL,
  `is_highlighted` tinyint(1) NOT NULL DEFAULT '0',
  `is_open` tinyint(1) NOT NULL DEFAULT '0',
  `created_at` timestamp NOT NULL DEFAULT CURRENT_TIMESTAMP,
  `img_url` varchar(255) DEFAULT NULL,
  `updated_at` timestamp NOT NULL DEFAULT CURRENT_TIMESTAMP ON UPDATE CURRENT_TIMESTAMP
) ENGINE=InnoDB DEFAULT CHARSET=utf8;

--
-- Dumping data for table `locations`
--

INSERT INTO `locations` (`id`, `name`, `description`, `address`, `capacity`, `number_of_tables`, `rating`, `is_highlighted`, `is_open`, `created_at`, `img_url`, `updated_at`) VALUES
('5ecdf8ff-8bf5-4cc1-98eb-c8af87faf4cd', 'City Pub', 'Egy kocsma a város szívében', '', 80, 16, -1, 0, 0, '2024-12-26 03:20:59', 'string', '2025-02-14 10:34:03'),
('9c458b82-7eb9-4fc9-a198-784245d13425', 'Sörpatika', 'Egy kulturáltabb kocsma a városban', '', 60, 12, -1, 0, 1, '2024-12-26 03:21:10', 'string', '2025-02-14 10:34:03'),
('af0ed771-1410-472f-a334-bef3f124ae5f', 'Ez egy teszt hely', 'Ez meg egy teszt leírás', '', 100, 10, -1, 0, 1, '2025-01-17 19:30:27', 'string', '2025-02-14 10:34:03'),
('c6276e02-67f8-45e1-ba7a-6271a93bea02', 'Alt lány hely', 'Mi mást kell mondani?', '', 20, 4, -1, 1, 1, '2024-12-26 03:21:45', 'string', '2025-02-14 10:34:03'),
('cbdd928f-5abb-4a0b-9023-0866107cfa9a', 'Félidő Söröző', 'Egy csendes kocsma egy csendes faluban', '', 40, 8, 5, 1, 1, '2024-12-26 03:20:38', 'string', '2025-02-14 10:34:03');

-- --------------------------------------------------------

--
-- Table structure for table `orders`
--

CREATE TABLE `orders` (
  `id` char(36) NOT NULL,
  `user_id` char(36) NOT NULL,
  `table_id` char(36) NOT NULL,
  `location_id` char(36) NOT NULL,
  `order_status` enum('pending','accepted','completed','paid','rejected') DEFAULT 'pending',
  `created_at` timestamp NOT NULL DEFAULT CURRENT_TIMESTAMP,
  `updated_at` timestamp NOT NULL DEFAULT CURRENT_TIMESTAMP ON UPDATE CURRENT_TIMESTAMP
) ENGINE=InnoDB DEFAULT CHARSET=utf8;

-- --------------------------------------------------------

--
-- Table structure for table `order_items`
--

CREATE TABLE `order_items` (
  `id` char(36) NOT NULL,
  `order_id` char(36) NOT NULL,
  `product_id` char(36) NOT NULL,
  `unit_price` int(11) NOT NULL,
  `quantity` int(11) NOT NULL,
  `created_at` timestamp NOT NULL DEFAULT CURRENT_TIMESTAMP,
  `updated_at` timestamp NOT NULL DEFAULT CURRENT_TIMESTAMP ON UPDATE CURRENT_TIMESTAMP
) ENGINE=InnoDB DEFAULT CHARSET=utf8;

-- --------------------------------------------------------

--
-- Table structure for table `products`
--

CREATE TABLE `products` (
  `id` char(36) NOT NULL,
  `location_id` char(36) NOT NULL,
  `name` varchar(100) NOT NULL,
  `category` varchar(50) NOT NULL,
  `price` int(11) NOT NULL,
  `discount_percentage` int(11) NOT NULL DEFAULT '0',
  `stock_quantity` int(11) DEFAULT '0',
  `is_active` tinyint(1) DEFAULT '0',
  `img_url` varchar(255) DEFAULT NULL,
  `created_at` timestamp NOT NULL DEFAULT CURRENT_TIMESTAMP,
  `updated_at` timestamp NOT NULL DEFAULT CURRENT_TIMESTAMP ON UPDATE CURRENT_TIMESTAMP
) ENGINE=InnoDB DEFAULT CHARSET=utf8;

--
-- Dumping data for table `products`
--

INSERT INTO `products` (`id`, `location_id`, `name`, `category`, `price`, `discount_percentage`, `stock_quantity`, `is_active`, `img_url`, `created_at`, `updated_at`) VALUES
('875695ab-a760-486a-a801-9b052c8738b7', 'cbdd928f-5abb-4a0b-9023-0866107cfa9a', 'Ez egy teszt termék', 'drink', 1000, 0, 10, 1, 'drink/875695ab-a760-486a-a801-9b052c8738b7.webp', '2025-02-14 10:32:48', '2025-02-14 10:34:03'),
('ac107756-f63c-4538-b4cc-91fc0cad6d82', 'cbdd928f-5abb-4a0b-9023-0866107cfa9a', 'Finom ital', 'drink', 2660, 0, 24, 1, 'drink/ac107756-f63c-4538-b4cc-91fc0cad6d82.webp', '2025-02-14 10:32:48', '2025-02-14 10:34:03'),
('c5d2b92e-c78f-4bf0-8504-154f033a8898', '5ecdf8ff-8bf5-4cc1-98eb-c8af87faf4cd', 'Finom burger', 'food', 1299, 0, 100, 1, 'food/c5d2b92e-c78f-4bf0-8504-154f033a8898.webp', '2025-02-14 10:32:48', '2025-02-14 10:34:03');

-- --------------------------------------------------------

--
-- Table structure for table `refresh_tokens`
--

CREATE TABLE `refresh_tokens` (
  `id` char(36) NOT NULL,
  `token` varchar(255) NOT NULL,
  `expiration` datetime NOT NULL,
  `is_revoked` tinyint(1) NOT NULL,
  `user_id` char(36) NOT NULL,
  `created_at` timestamp NOT NULL DEFAULT CURRENT_TIMESTAMP,
  `updated_at` timestamp NOT NULL DEFAULT CURRENT_TIMESTAMP ON UPDATE CURRENT_TIMESTAMP
) ENGINE=InnoDB DEFAULT CHARSET=utf8;

--
-- Dumping data for table `refresh_tokens`
--

INSERT INTO `refresh_tokens` (`id`, `token`, `expiration`, `is_revoked`, `user_id`, `created_at`, `updated_at`) VALUES
('000d7066-d015-4519-87e8-10a66b5fc302', '3e060fedb63d46d491689c3240109260a159a560bc2d4585ac3d1fe6319ec2d4', '2025-01-25 13:20:43', 0, '28c9767c-cc7c-4948-836a-512a749df074', '2025-02-14 10:32:48', '2025-02-14 10:34:03'),
('007ca5d3-dfae-4338-9a73-8de96fc94c99', '5f2d20593e2f4c04aaf8aba80d612210e355e5ffaac147cd9fbc475e9689d662', '2025-01-24 22:15:29', 0, '12e1a649-7d6d-4ca5-bab9-0b31ec22340c', '2025-02-14 10:32:48', '2025-02-14 10:34:03'),
('0111f495-28c2-466f-a58f-c142ff22927a', '01ad6f9125d04df09497c80e7bee9334c4b465c07c8844d79157cbf3a141f03b', '2025-02-10 17:55:37', 0, 'dd7af3ea-42b3-4969-b586-6b185a8b32e6', '2025-02-14 10:32:48', '2025-02-14 10:34:03'),
('022ab6ac-619c-4fd5-80b2-c8eea13e508f', 'f39e5144c3e342278bb641cf08621fc55c6f67e15f0449fd93ccbadd256527c2', '2025-02-18 20:41:07', 0, '28c9767c-cc7c-4948-836a-512a749df074', '2025-02-14 10:32:48', '2025-02-14 10:34:03'),
('0337b285-d10f-44f7-86fa-5f7b4d20af04', 'f526ee241f1b497b897f841551f8e1249d737492ead848f3bed0cb7a97436398', '2025-01-25 13:38:54', 0, '467af9a7-453f-417f-9517-fe93a7d2de2c', '2025-02-14 10:32:48', '2025-02-14 10:34:03'),
('0604bc7d-a300-4750-8542-7f09b9dced8b', 'f2cc7f2e51fc4702bbeee908693ae9d1b79827941c1b4460ba9884b11410842b', '2025-02-17 21:05:25', 0, '28c9767c-cc7c-4948-836a-512a749df074', '2025-02-14 10:32:48', '2025-02-14 10:34:03'),
('063ef75e-7e0f-4185-b5e0-5b282905ee6d', '067828ea3da240c49bdf40f520df186d1479e398c39d4892b3b3730c56e8b9fa', '2025-02-04 18:44:00', 0, '28c9767c-cc7c-4948-836a-512a749df074', '2025-02-14 10:32:48', '2025-02-14 10:34:03'),
('0722c600-644c-4468-9962-04cf4ac03b7b', '1ef02a673dee4c46a5108a1717fef58882ecc7abe2f84380aff0cdf38f18b016', '2025-01-30 21:03:18', 0, '28c9767c-cc7c-4948-836a-512a749df074', '2025-02-14 10:32:48', '2025-02-14 10:34:03'),
('076b6537-7958-4c18-b82c-c1694f9cb7fb', '0dc122a215a04bf79f06d24d2121167d128bddc170a9465fb1a82fb83f7e2f40', '2025-02-18 20:33:43', 0, '28c9767c-cc7c-4948-836a-512a749df074', '2025-02-14 10:32:48', '2025-02-14 10:34:03'),
('07da2aee-9cd2-4423-8cb7-5cf504f296bb', 'dd16ed9524214f6baaa2e52979d8a9065694c03bed1845e194cc1a4f09ecb6a6', '2025-01-23 08:26:50', 0, '12e1a649-7d6d-4ca5-bab9-0b31ec22340c', '2025-02-14 10:32:48', '2025-02-14 10:34:03'),
('093deda5-047f-4bc3-a3b3-5ad459c427cc', '6904bb8b6bf247bf870fd39f8fbfec4f0748d949def448dfaa0d08182daf55c9', '2025-02-05 15:40:24', 0, '28c9767c-cc7c-4948-836a-512a749df074', '2025-02-14 10:32:48', '2025-02-14 10:34:03'),
('0b3c9b9b-9588-45d4-9d8f-df34c67e1623', '4629b5e2634d409bb2367c3f6ab07aa3a92ff73453c7423182a9bdfb30823f03', '2025-02-17 11:14:06', 0, '28c9767c-cc7c-4948-836a-512a749df074', '2025-02-14 10:32:48', '2025-02-14 10:34:03'),
('0d260600-5ffb-43b1-9b47-46b63fd1eebc', '24d8690c2d7e47ff9a0d43511616bda05814bcd2e917473ca274eb39bed8a09f', '2025-02-11 11:04:24', 0, '28c9767c-cc7c-4948-836a-512a749df074', '2025-02-14 10:32:48', '2025-02-14 10:34:03'),
('0e8cc81d-af67-44e6-8adf-81bf07bb7b68', '7b6eb597273b42c9a7d8559ba00803abdbd76a0a8d364a40ac17815b59a6177f', '2025-01-29 17:43:21', 0, '28c9767c-cc7c-4948-836a-512a749df074', '2025-02-14 10:32:48', '2025-02-14 10:34:03'),
('0ea6e807-82df-4d55-a29d-30879d9fab18', '36927e2a6b3548b2b4d3728109f9bc62fdf092db6a114451bb413f2dbd84769f', '2025-01-25 15:56:46', 0, '28c9767c-cc7c-4948-836a-512a749df074', '2025-02-14 10:32:48', '2025-02-14 10:34:03'),
('0f4f98c8-6128-42e8-ba8c-eb09b24e86a5', 'd036096df20c4dce8f0d0c71615c855be3ce1914682f4b24af93923543cb5ad7', '2025-02-18 20:34:33', 0, '28c9767c-cc7c-4948-836a-512a749df074', '2025-02-14 10:32:48', '2025-02-14 10:34:03'),
('10cb581f-a90c-4194-a69f-5611601ef96c', '0eb2eefc6d344ec282e6c9f33e31cb7fa7527e6d0b8b4babaaec9b5067478b3f', '2025-02-19 12:14:44', 0, '28c9767c-cc7c-4948-836a-512a749df074', '2025-02-14 10:32:48', '2025-02-14 10:34:03'),
('11a706e3-8e32-4802-a1fc-cdf41998c5ea', '82bc4d3626f04be3a4b3820a5594477c371f16f3b242436f8490349d0d744ca6', '2025-02-18 20:40:34', 0, '28c9767c-cc7c-4948-836a-512a749df074', '2025-02-14 10:32:48', '2025-02-14 10:34:03'),
('150ab0f0-4180-4fac-b5b9-53faff248eff', 'b0457f4f511043efa4e27a18d93973c4784e5178c2794804a0b4b7b22704549b', '2025-01-25 16:18:50', 0, '28c9767c-cc7c-4948-836a-512a749df074', '2025-02-14 10:32:48', '2025-02-14 10:34:03'),
('16054326-7b64-4b4a-83ef-d5227ccd3365', 'ae857db164f54b3d8f424db153c341694730149a6e1147e08b47965d23e4db11', '2025-02-06 23:13:52', 0, '28c9767c-cc7c-4948-836a-512a749df074', '2025-02-14 10:32:48', '2025-02-14 10:34:03'),
('1678142a-03a9-4d29-9456-6ea76807cc71', '1f4747793af74bc992e6950f22ae7fb2902eee39685f471ca96247a8b91de728', '2025-02-11 10:32:12', 0, '28c9767c-cc7c-4948-836a-512a749df074', '2025-02-14 10:32:48', '2025-02-14 10:34:03'),
('17dcfe88-c3bb-4afe-b694-2dd3ffe76fa5', 'd17d20436183470c873e4b58beba6460bc3ca24be5dc410b8599dd4f4e85e6f5', '2025-02-11 10:46:50', 0, '60d6b130-dd78-401d-ae22-ff910d2de993', '2025-02-14 10:32:48', '2025-02-14 10:34:03'),
('1812b5a6-7ec3-408c-a503-062ac86941da', '5f856e0fa9d340da9ad8110d800f82b1db3e140696424da184c0fd48d1afc04d', '2025-02-11 10:35:06', 0, '28c9767c-cc7c-4948-836a-512a749df074', '2025-02-14 10:32:48', '2025-02-14 10:34:03'),
('18157396-2f68-40a4-848b-e16beafba5de', 'd8fef95ee69a4c398987578e5a1594d6a6d1c7df10944cfd9ff1838d07fc4746', '2025-01-23 09:39:05', 0, '12e1a649-7d6d-4ca5-bab9-0b31ec22340c', '2025-02-14 10:32:48', '2025-02-14 10:34:03'),
('18ae6144-39b5-4eec-9a64-70fabbe12086', 'b7f58c5aca914c928d9be75d30c6637e8b33817999334ebc90cace71e91ba0ba', '2025-02-15 23:44:22', 0, '28c9767c-cc7c-4948-836a-512a749df074', '2025-02-14 10:32:48', '2025-02-14 10:34:03'),
('19be7620-df25-4dc0-ba16-8127e1bc9466', '418674bcced948d5a447cfc74e14b2a2df0b9c9d545d45efbd210e109b84e8db', '2025-01-26 14:29:59', 0, 'bab61c73-ad3b-48c3-a6c6-47e19c3df87a', '2025-02-14 10:32:48', '2025-02-14 10:34:03'),
('1b65ea38-3e15-4595-8526-5a76a293d529', '85924cd8c75c45d782ee2bfdb04577863e0dfe19c06e42f8b7f86fe5153fbfd5', '2025-01-22 19:43:14', 1, '52cc119a-dd50-44d9-9fb9-d1daf2f0202a', '2025-02-14 10:32:48', '2025-02-14 10:34:03'),
('1c5deabf-637c-4803-9f67-e77602f19e94', 'c2d490d423f44cc696cbd95c0cbc9aba5e7b1b514b054ef8946aeaf3dc768fab', '2025-02-02 15:50:29', 0, '12e1a649-7d6d-4ca5-bab9-0b31ec22340c', '2025-02-14 10:32:48', '2025-02-14 10:34:03'),
('1e7cc6bf-9beb-4d9c-adff-599b90c7ac77', 'ad27024c813f49c0a49573f2565f09ae709ef8b2deb2475cac1d05aeeaf1c87a', '2025-02-11 10:19:22', 0, '28c9767c-cc7c-4948-836a-512a749df074', '2025-02-14 10:32:48', '2025-02-14 10:34:03'),
('1ee5eeab-aaf8-4507-b202-18aad741945e', '2892eb347bba4cc198b2f0553d2b0a035e4d77939e584925bcff05aa8b68e6ad', '2025-01-25 13:27:08', 0, '467af9a7-453f-417f-9517-fe93a7d2de2c', '2025-02-14 10:32:48', '2025-02-14 10:34:03'),
('1f7d5163-bc8c-4458-93b2-e8fd9338b297', '66b2b62a9db8448cb434ae6034748507ce716caed3ed4b5698429ad34cea23ce', '2025-02-02 18:20:50', 0, '28c9767c-cc7c-4948-836a-512a749df074', '2025-02-14 10:32:48', '2025-02-14 10:34:03'),
('20c7ca6c-e1fc-49a0-94a8-2ef76b2db58e', 'b887d2be42ef4619955bbb75f3a28b0866e55b80c6224f758b1ccc9a2b40d56c', '2025-01-23 20:15:52', 0, '467af9a7-453f-417f-9517-fe93a7d2de2c', '2025-02-14 10:32:48', '2025-02-14 10:34:03'),
('22f97df1-ceec-48ac-9c8b-45048b096f4d', '706a40a1715644d48e6362d363d2771019cc342f1e54464cba1b4456f95a08a9', '2025-02-17 09:26:33', 0, '28c9767c-cc7c-4948-836a-512a749df074', '2025-02-14 10:32:48', '2025-02-14 10:34:03'),
('231a3e42-b808-4123-8979-9a947e9521b0', '6cff56867418404a8ae39f79493a3713c49df5cf13a04142b524be2ba5e8867d', '2025-02-17 06:23:55', 0, '28c9767c-cc7c-4948-836a-512a749df074', '2025-02-14 10:32:48', '2025-02-14 10:34:03'),
('238aab9f-5e29-4d70-b530-2798b8c45863', 'a25de4892bdc4d8087c0cf960a34b44622e5d286a7e443878cd66c8e45480e87', '2025-02-11 11:18:12', 0, '28c9767c-cc7c-4948-836a-512a749df074', '2025-02-14 10:32:48', '2025-02-14 10:34:03'),
('23a6fef0-455a-4dc9-b9cb-e929f80cde32', '6557818a609749eca58f316141cde0076ed087bcc38b4d00b634886ee9009b3b', '2025-01-23 07:13:49', 1, '12e1a649-7d6d-4ca5-bab9-0b31ec22340c', '2025-02-14 10:32:48', '2025-02-14 10:34:03'),
('23b47d00-dad5-486a-98cb-fef2ea592937', 'a826b80923054665ac60d62ba1cd0615aba5e181a0c241488131d53f299c29ed', '2025-02-18 20:40:49', 0, '28c9767c-cc7c-4948-836a-512a749df074', '2025-02-14 10:32:48', '2025-02-14 10:34:03'),
('2546c20a-abf5-41a1-84bc-1b7b73c453aa', '12d8cea7dda0435c988d5dbd424ea52d01a5e770b8204bb685d4f1b9b753f2b4', '2025-01-25 16:32:05', 0, '28c9767c-cc7c-4948-836a-512a749df074', '2025-02-14 10:32:48', '2025-02-14 10:34:03'),
('258a8b34-318a-4ced-9cc7-b8edc9fb1360', 'eec92550c33f4f7aa6e2745199335805aa67edfd7520423d965c10c02ea2d156', '2025-02-11 10:19:41', 0, '60d6b130-dd78-401d-ae22-ff910d2de993', '2025-02-14 10:32:48', '2025-02-14 10:34:03'),
('29983766-d509-4e18-b92b-106efe2df24c', '3fe6c4dbd2114175822f75712117aa5764c223ede9a44eeb89d16bfe739ab32d', '2025-02-19 12:26:08', 0, '28c9767c-cc7c-4948-836a-512a749df074', '2025-02-14 10:32:48', '2025-02-14 10:34:03'),
('2a144146-a172-44bc-84fb-6a63a1739540', '6a4bc734bcea4dfc9cda3ca947d1454019429ec9a98d45d2a9e6724af0c3faa6', '2025-02-18 20:38:46', 0, '28c9767c-cc7c-4948-836a-512a749df074', '2025-02-14 10:32:48', '2025-02-14 10:34:03'),
('2b567b14-34a9-4554-91a8-aea3a85795bd', '4431e17893f449c8b07b4f6f870ba2611359b06df9814d26aa29879e79b10f2e', '2025-01-25 16:32:30', 0, '28c9767c-cc7c-4948-836a-512a749df074', '2025-02-14 10:32:48', '2025-02-14 10:34:03'),
('2d302c10-388b-46c7-baae-0f8c2f5a705b', '8c3122b22dde4825a01caf2ffcad1460e7caf796e2b74261b0bc28f8ca796c12', '2025-02-20 09:34:19', 0, '28c9767c-cc7c-4948-836a-512a749df074', '2025-02-14 10:32:48', '2025-02-14 10:34:03'),
('2e7f0b26-f0a4-4ee8-893c-7aa2c8cb2053', 'cbdc95dea77a4a889a6a3957d772635ede6a0c553f354820b889dd4d158d3ce6', '2025-02-18 20:36:30', 0, '28c9767c-cc7c-4948-836a-512a749df074', '2025-02-14 10:32:48', '2025-02-14 10:34:03'),
('2fba42fb-c0aa-4f26-9ea1-766246722f33', '1a6a2df6d44d4d04b219499c39d94d1ca3ff28db78e54513a8cf0ba5c4cf7dd0', '2025-01-29 21:07:38', 0, '28c9767c-cc7c-4948-836a-512a749df074', '2025-02-14 10:32:48', '2025-02-14 10:34:03'),
('30e95993-88c4-472f-92a7-e29511c61680', 'a42caf5fdbdf44ea99a664efc8724c00913e863f17604f2c85adc10a86efe540', '2025-02-11 10:32:21', 0, '28c9767c-cc7c-4948-836a-512a749df074', '2025-02-14 10:32:48', '2025-02-14 10:34:03'),
('3308e594-6711-47e5-9043-9c9f45e9282c', '0fe08e62f246451d9658c88faa8df88b905704617cfc443e90895cfb2cec0d5b', '2025-02-19 12:58:02', 0, '28c9767c-cc7c-4948-836a-512a749df074', '2025-02-14 10:32:48', '2025-02-14 10:34:03'),
('38b7ff61-9d50-40cb-ad9c-5639bbadf6c2', 'f7ac9b4578c24f1fbcf34989711e378b06cad1c39ba645fa8d6c81ddd6e78ab0', '2025-01-25 16:32:23', 0, '28c9767c-cc7c-4948-836a-512a749df074', '2025-02-14 10:32:48', '2025-02-14 10:34:03'),
('395e628b-b5d4-4a22-955f-b3ea9ef3ab68', 'd75971302f374d55969fe843d8d64d596becaabaebe347738a5ed173f8b45bc0', '2025-02-06 23:08:13', 0, '28c9767c-cc7c-4948-836a-512a749df074', '2025-02-14 10:32:48', '2025-02-14 10:34:03'),
('39fa77ff-1050-4112-bd4f-8bb37e9ac3bd', '80ff09b7dc8443c89426e2a92091bbe338b7e92a29a5454b9a3a11754ce65930', '2025-01-29 17:59:51', 0, '28c9767c-cc7c-4948-836a-512a749df074', '2025-02-14 10:32:48', '2025-02-14 10:34:03'),
('3a5fbc14-a2dd-469c-b3af-fbc00e788026', 'a870731fc76a4055ad2225c650019888c7d57819f6114c90a97155fe83a3a313', '2025-01-23 08:16:00', 0, '467af9a7-453f-417f-9517-fe93a7d2de2c', '2025-02-14 10:32:48', '2025-02-14 10:34:03'),
('3a9a956a-593a-4082-8d00-7edbffdd46da', '844e1104e8634e71b72fdfe22fabadf930f9c974b43b4d2baa57c8a24ca9a919', '2025-01-22 20:20:03', 0, '467af9a7-453f-417f-9517-fe93a7d2de2c', '2025-02-14 10:32:48', '2025-02-14 10:34:03'),
('3be99297-aced-4f41-a72b-9c2ef003135e', '8db9c20db6714e8db3e3473688da82bd132f9dfa05194f34953b1c5e3ad562fc', '2025-01-23 07:09:03', 0, '28c9767c-cc7c-4948-836a-512a749df074', '2025-02-14 10:32:48', '2025-02-14 10:34:03'),
('3ca1a0c0-78b3-4dcd-b77b-a68c7b5a384f', '89e8781d9677460ea9f6a38be5468694deb951f7beef4f0aa7a14ec5dbc57c15', '2025-01-23 07:15:24', 0, '28c9767c-cc7c-4948-836a-512a749df074', '2025-02-14 10:32:48', '2025-02-14 10:34:03'),
('3cb7bb61-0fc4-47f2-a5a1-886b789b72b5', '8b7817bdbe5a45ccbe8457623318e51f0ff127955a564379a1c82ecbe4b1b31b', '2025-01-28 19:22:36', 0, '12e1a649-7d6d-4ca5-bab9-0b31ec22340c', '2025-02-14 10:32:48', '2025-02-14 10:34:03'),
('3d1629f0-80ba-43e4-8c23-09d7c30f5111', 'c3a7c114674f4e13b34acabe14a0c9ecabe5d25692cb40d389563a75163f1fe0', '2025-01-25 13:27:51', 0, '467af9a7-453f-417f-9517-fe93a7d2de2c', '2025-02-14 10:32:48', '2025-02-14 10:34:03'),
('3e1a9d72-e5c5-48dd-9249-6ddba7ecb0bf', 'f2e185e5d8e54c38b287aef558336e27d8ca747ab75741eb9672ee01064ea359', '2025-02-11 10:46:34', 0, '60d6b130-dd78-401d-ae22-ff910d2de993', '2025-02-14 10:32:48', '2025-02-14 10:34:03'),
('3f6c132d-bfe2-4f3f-ad59-0cae1bf0f1a9', 'ec59ed9d8b204362a4157288b4f0772d3835dab5d37649cc97697756e8cc51c3', '2025-01-31 11:24:20', 0, '28c9767c-cc7c-4948-836a-512a749df074', '2025-02-14 10:32:48', '2025-02-14 10:34:03'),
('3fa8fa46-02e8-43fb-82e0-4944103be5e8', '81fcd8b7700d43718372c080103f99114309c3de572249f5812b2ce6382f1a2a', '2025-02-11 12:10:56', 0, '28c9767c-cc7c-4948-836a-512a749df074', '2025-02-14 10:32:48', '2025-02-14 10:34:03'),
('42818f77-1c16-4d5b-9a4a-88f0088b6fb9', '274fc2436f674eba8b51cef26abfc6159526e424556240a1b9003f66ede4a9ea', '2025-01-24 09:15:01', 0, '28c9767c-cc7c-4948-836a-512a749df074', '2025-02-14 10:32:48', '2025-02-14 10:34:03'),
('4369cd6e-95ad-48fd-bc4c-4909758b30c3', '2dc6205f2e754e668cebb061a0b2756cd3a2f02a45bb43d7abfb42f43bed935b', '2025-02-11 10:34:59', 0, '60d6b130-dd78-401d-ae22-ff910d2de993', '2025-02-14 10:32:48', '2025-02-14 10:34:03'),
('43fbbfa0-af36-41d1-a582-78918edfae87', 'd5411062adf846b8b1010f0ddeca9bd1357737b40850401abdac23a9cacee1f3', '2025-02-19 09:32:04', 0, '28c9767c-cc7c-4948-836a-512a749df074', '2025-02-14 10:32:48', '2025-02-14 10:34:03'),
('44eeac3d-198f-41b5-b0d2-2844f12b72e4', 'dd1aaf8ffe6347099a85095a78471f673ccd917f18f84a9d8f35b1b83b9eeab9', '2025-02-11 16:27:44', 0, '28c9767c-cc7c-4948-836a-512a749df074', '2025-02-14 10:32:48', '2025-02-14 10:34:03'),
('4673e002-c761-48a3-bc66-64960f7669b1', '451daf27a66c44f88cb140a4aa9698b5ba6617ca12f24396a8035bbd2579fa38', '2025-02-19 09:28:13', 0, '28c9767c-cc7c-4948-836a-512a749df074', '2025-02-14 10:32:48', '2025-02-14 10:34:03'),
('46cb2cf0-af97-4f56-83a0-ed590a6c2a48', '0493585f4a2d495faf93ba9ac94563e6ae5fba13489546f8a1b8f336aad18251', '2025-02-06 23:14:22', 0, '28c9767c-cc7c-4948-836a-512a749df074', '2025-02-14 10:32:48', '2025-02-14 10:34:03'),
('47c9594c-b6d3-4ba3-82bc-5cff68921f3b', '4d229dd9fad944498360b7ce6cbec1e7f449c5a37ef7490889277fb5a10ea949', '2025-02-11 12:11:37', 0, '28c9767c-cc7c-4948-836a-512a749df074', '2025-02-14 10:32:48', '2025-02-14 10:34:03'),
('4a11d2ae-45fe-4cf4-938f-c2f22f9d2d57', '052d046d13c84ef1b211e402256745bb5fa15db376a64f91be70bac5ee1ab25b', '2025-01-25 13:39:35', 0, '467af9a7-453f-417f-9517-fe93a7d2de2c', '2025-02-14 10:32:48', '2025-02-14 10:34:03'),
('4a30de2c-2969-456d-93da-7a4e86f06f1c', '0383a0a3013a43ae96c920277ac74d80b7fbf121f8644e0cbea3f3af4d0c68f4', '2025-02-11 12:17:02', 0, '28c9767c-cc7c-4948-836a-512a749df074', '2025-02-14 10:32:48', '2025-02-14 10:34:03'),
('4cfae13f-29d0-4fb8-8f98-ab59d0ad4644', 'fed8100e24b04374a526a11aa828a514726e83079c4042e8941e3f70b4072026', '2025-02-18 20:41:25', 0, '28c9767c-cc7c-4948-836a-512a749df074', '2025-02-14 10:32:48', '2025-02-14 10:34:03'),
('4d4dc846-4a78-44d2-80bc-4938453ca468', '8035241c137e493cb13bf39e4bfe1018edd1fee8efdf4c29ac87dfed0666e7ad', '2025-02-15 23:42:25', 0, 'bba54a66-7e71-4e14-98e0-8f435e0b2f7b', '2025-02-14 10:32:48', '2025-02-14 10:34:03'),
('4e39f5cf-b996-485e-a19f-34820271c1e9', 'b03fc1a32d424befa48f050c0d36cfccba008d6bfde04b1da66914697693f13b', '2025-01-22 21:13:41', 0, '467af9a7-453f-417f-9517-fe93a7d2de2c', '2025-02-14 10:32:48', '2025-02-14 10:34:03'),
('4e407261-d2b3-4455-be7c-23499be07241', '30dc4e0dc97a4f72a4a507ba34dd4627537a4899a9d64a5889ecd174ad3a012a', '2025-02-11 10:28:19', 0, '60d6b130-dd78-401d-ae22-ff910d2de993', '2025-02-14 10:32:48', '2025-02-14 10:34:03'),
('4f932555-8135-41a1-b7fc-8bdb15cd25a4', '1ef184c95bf44ae9ad2195b43748dbea82f685937cb444d98265fd77b067ae09', '2025-02-02 22:57:01', 0, '28c9767c-cc7c-4948-836a-512a749df074', '2025-02-14 10:32:48', '2025-02-14 10:34:03'),
('4f9f2ccb-348a-423c-9a74-d1dc9b7e1912', '765c42c7767643238f80b965089e3669a98bfcd507f845afba29f79c79e107c8', '2025-02-02 15:41:02', 0, '28c9767c-cc7c-4948-836a-512a749df074', '2025-02-14 10:32:48', '2025-02-14 10:34:03'),
('519880ba-351e-4c2a-9f21-6d2a50c25ed6', 'c244fb87825a4acea230b4fc660e12dea93373b98b504ab4aea3a747f576c76e', '2025-01-29 16:54:34', 0, '28c9767c-cc7c-4948-836a-512a749df074', '2025-02-14 10:32:48', '2025-02-14 10:34:03'),
('5222daed-f44c-478a-b410-c773081818a9', '51dc574dd7074d7e8c4f7834ee1bba2065f41c5e23f348e99742eb0b7c37f8ee', '2025-01-22 21:31:26', 0, '467af9a7-453f-417f-9517-fe93a7d2de2c', '2025-02-14 10:32:48', '2025-02-14 10:34:03'),
('545057ed-1de1-4bf0-9774-36c2cd0675ee', '9980af43acd4496f814ba15ad32e8b441c0c19eecebf451c9e6ba50e4541301e', '2025-02-19 09:31:57', 0, '60d6b130-dd78-401d-ae22-ff910d2de993', '2025-02-14 10:32:48', '2025-02-14 10:34:03'),
('545ce877-e700-421c-b2aa-84d2c1e9e337', '844f058ab7554577be3781cad9e4ba2c968eba41cc9d46c793b1ae5aaeb03ebd', '2025-02-11 10:28:11', 0, '28c9767c-cc7c-4948-836a-512a749df074', '2025-02-14 10:32:48', '2025-02-14 10:34:03'),
('54fcb164-60db-4532-a6bc-c0b506858cdf', '1ac4a5efce2345dd88c5cd7293411c78e7d21b5ea7104079bbcd2df5279a9c5f', '2025-01-31 11:26:08', 0, '28c9767c-cc7c-4948-836a-512a749df074', '2025-02-14 10:32:48', '2025-02-14 10:34:03'),
('57f16fbf-0d02-4bc2-9c15-ae9b34911a9d', 'f018249db5c24811b0cfe099610372fa4ab21d8761ff4e80861bec4284b9733d', '2025-02-11 12:13:48', 0, '28c9767c-cc7c-4948-836a-512a749df074', '2025-02-14 10:32:48', '2025-02-14 10:34:03'),
('582813e8-7f5d-436f-8788-be2c9392241e', 'f997d9977f744a15860c27378096c7923711989756f549bb844f5fec277cfe76', '2025-02-19 12:19:49', 0, '28c9767c-cc7c-4948-836a-512a749df074', '2025-02-14 10:32:48', '2025-02-14 10:34:03'),
('58aedda0-07ab-47d3-85d3-94cf36215ee5', '9d25cb91005b4b67a8d8e570cb8852e0e64c397510d14e8c8378e6e9f1ca40a1', '2025-01-27 05:49:05', 0, '28c9767c-cc7c-4948-836a-512a749df074', '2025-02-14 10:32:48', '2025-02-14 10:34:03'),
('5a4839a2-27c5-4d1e-87bd-178612c06848', '853c77a5a8244434bf745bcca4165f1cedb1383a15334f2d8088b5816d053bdd', '2025-01-24 08:55:34', 0, '28c9767c-cc7c-4948-836a-512a749df074', '2025-02-14 10:32:48', '2025-02-14 10:34:03'),
('5eea310a-a7bc-4c68-8099-6b8c6cad7c96', '9fa15f97179a480689308e1f3c6ebccf86bbec55b63a413cb529a89c92169745', '2025-02-17 21:06:00', 0, '28c9767c-cc7c-4948-836a-512a749df074', '2025-02-14 10:32:48', '2025-02-14 10:34:03'),
('5f0423ed-bfa5-4696-9ca6-1ec86c98f753', '2c9aad4390274787be6552df299023d2d55497ea54ec440081f288140ac451a5', '2025-02-10 17:54:48', 0, 'b19b36a4-d838-4996-afbb-8d1bc005d308', '2025-02-14 10:32:48', '2025-02-14 10:34:03'),
('5fe70dee-7e6c-46fa-8d89-6ce0a9071df4', '6fd209ec0c104080af9e3ce9e03005fe092ce23546fa4a84ad2d4f02f9a7f4c1', '2025-02-18 20:32:44', 0, '28c9767c-cc7c-4948-836a-512a749df074', '2025-02-14 10:32:48', '2025-02-14 10:34:03'),
('61177aae-b9a3-46c7-9b89-f1ec93c38fd6', '76b426290fe44942a3b58f51bd73d878d005c4c9d2624cb68ed65df212fd6df5', '2025-02-02 16:43:47', 0, '12e1a649-7d6d-4ca5-bab9-0b31ec22340c', '2025-02-14 10:32:48', '2025-02-14 10:34:03'),
('64d7dfef-abb1-4cf5-9226-cffcfde2d65a', '532f365e1dfe41069e74f1da96798268c967dfe2dcb7476c82e7055e3ecb9bcc', '2025-02-06 23:24:44', 0, '28c9767c-cc7c-4948-836a-512a749df074', '2025-02-14 10:32:48', '2025-02-14 10:34:03'),
('65a3f718-137a-44d5-9f6d-dee5cfca0e25', '26d4ca7faa5041589ec3f1f8257e9c0b1087f1b638e345de8db905f9c8ba7d8c', '2025-02-19 19:56:39', 0, '28c9767c-cc7c-4948-836a-512a749df074', '2025-02-14 10:32:48', '2025-02-14 10:34:03'),
('65f68781-e85c-4747-91aa-87511286f490', '873b6e0195cc44cd8514dd5ca3ce9238a8f864a2e1c04b008211bd60c3aedc62', '2025-01-25 18:17:42', 0, '67d7581e-4569-4eaf-ba0d-fce71a94e120', '2025-02-14 10:32:48', '2025-02-14 10:34:03'),
('662876df-1d04-4e22-ba61-be0097d5040f', '508d28d63498479080c3c1bfd47da9fa0effa3be563344089de992d15eaabf8b', '2025-01-25 12:59:41', 0, '28c9767c-cc7c-4948-836a-512a749df074', '2025-02-14 10:32:48', '2025-02-14 10:34:03'),
('665fd1be-2ff2-4962-a659-f56f749bd1f0', '443f54b6c38345bab92a97430e622062a2f68828690c40089d067b75f2b93f9b', '2025-01-23 08:24:50', 0, '467af9a7-453f-417f-9517-fe93a7d2de2c', '2025-02-14 10:32:48', '2025-02-14 10:34:03'),
('6894f3e5-a63f-4c59-a86f-a75423fdc0a5', '5376cdabb7724fcb9b0d0cb92affabba427478df629c4fa695dc1aca8d175ff7', '2025-02-19 11:57:23', 0, '28c9767c-cc7c-4948-836a-512a749df074', '2025-02-14 10:32:48', '2025-02-14 10:34:03'),
('68ebc3ec-0277-4bb0-9f42-ef085dee16f0', '6e9c14f3d9ea4d7bb8c596726ac9e6429b6bd5e980aa4b60b3b1ad379e733131', '2025-02-11 11:55:37', 0, '60d6b130-dd78-401d-ae22-ff910d2de993', '2025-02-14 10:32:48', '2025-02-14 10:34:03'),
('6bdb0224-c15c-4165-8fff-4b73a3aae405', '52a4be323b6a4808ab8429e4d992a1a8bd75b48bded4425295c9382faaae9e05', '2025-02-18 20:32:28', 0, '28c9767c-cc7c-4948-836a-512a749df074', '2025-02-14 10:32:48', '2025-02-14 10:34:03'),
('6e53e68b-fb27-42a8-a8b6-477739011cd3', '1e4a635128ac454aa56cb31f4e5611e4da3cb603014b4a818f30de1dad1d8465', '2025-02-18 20:48:27', 0, '28c9767c-cc7c-4948-836a-512a749df074', '2025-02-14 10:32:48', '2025-02-14 10:34:03'),
('6ee83e10-7188-410f-bc36-61722576ec3e', 'a97ad77470ee424eaa6bb6f69fd6b7aed77643df61e141b7b8de145ba52d7bcb', '2025-02-11 10:22:36', 0, '28c9767c-cc7c-4948-836a-512a749df074', '2025-02-14 10:32:48', '2025-02-14 10:34:03'),
('6fc821ee-d968-4d10-a725-4872686be52f', 'ed9f058c89294a169bbcd3f0fa971d7d4b28e947b3e449738df120fd2b3cf5d6', '2025-02-11 12:27:55', 0, '28c9767c-cc7c-4948-836a-512a749df074', '2025-02-14 10:32:48', '2025-02-14 10:34:03'),
('6ffe4587-2d27-4af2-a851-3d568114d85f', '94beb608d9fa4e5f8b0f991004049c60d04da40eb97343bba2df31471873f2ce', '2025-02-06 23:06:53', 0, 'bab61c73-ad3b-48c3-a6c6-47e19c3df87a', '2025-02-14 10:32:48', '2025-02-14 10:34:03'),
('722f4bbf-16a9-498e-aa50-e9abf06bd349', 'c220d674aba44e90ba9f782ee4bb26326f0aee8f96444a1db2228328eff55cd2', '2025-02-19 12:20:29', 0, '28c9767c-cc7c-4948-836a-512a749df074', '2025-02-14 10:32:48', '2025-02-14 10:34:03'),
('72ec57ed-3981-4c67-a6b1-2633c9ac5848', 'a82768fa7cd842bbba58d11a5f5746ed9f720f96a52c40509b737d649b82618c', '2025-02-11 10:57:30', 0, '28c9767c-cc7c-4948-836a-512a749df074', '2025-02-14 10:32:48', '2025-02-14 10:34:03'),
('75d27217-86a0-4d09-b610-2b78e12cd5a8', 'd5943273edaf459d9600c8261191c79fa2c11e2696644bee940fb3567476b148', '2025-02-19 12:18:25', 0, '28c9767c-cc7c-4948-836a-512a749df074', '2025-02-14 10:32:48', '2025-02-14 10:34:03'),
('78e971ce-f09e-4e79-8d34-e38b0125f2c4', 'e54227481b8944f0b5402ba6593a34cb657640e519584b71ace4463b7fad7deb', '2025-02-19 08:38:00', 0, '28c9767c-cc7c-4948-836a-512a749df074', '2025-02-14 10:32:48', '2025-02-14 10:34:03'),
('79ec1b53-805d-4617-9553-9bb58ef59ebe', 'f6b29020a74d4d05be497e76b46707b7d992154c783b4cfca1dfe71610677cd5', '2025-01-22 20:31:41', 0, '467af9a7-453f-417f-9517-fe93a7d2de2c', '2025-02-14 10:32:48', '2025-02-14 10:34:03'),
('7bb90b34-0b13-483c-9de9-f0d24c5fc514', 'e311446851f94f6abf9b72497123ea5ef229f642b04e4624bbeb9b0c76069f2b', '2025-01-26 14:05:09', 0, '28c9767c-cc7c-4948-836a-512a749df074', '2025-02-14 10:32:48', '2025-02-14 10:34:03'),
('7e24948c-a28f-4b9e-93dc-20cc6bc6b062', 'ff2f64a1a30a4105bfb343103f94c1001caf1288418e4f26bcdd2bad2873fb95', '2025-01-25 15:57:12', 0, '28c9767c-cc7c-4948-836a-512a749df074', '2025-02-14 10:32:48', '2025-02-14 10:34:03'),
('80bf3187-59a1-42fe-aba7-800f4fc6add7', '883d95f46e364f20acf22ca1df31ce47b93fd9ccd797405fb67af56de2a92978', '2025-01-25 14:08:56', 0, '98d74809-b74a-4a95-ab03-ca37ab107506', '2025-02-14 10:32:48', '2025-02-14 10:34:03'),
('80d4c4bc-f503-459d-93ed-a13fb0e4bb7b', 'a0cde531d49d45e2bdfd3de636653e64731f993b31ea4db68b1e710e86e4502f', '2025-02-19 19:04:24', 0, '28c9767c-cc7c-4948-836a-512a749df074', '2025-02-14 10:32:48', '2025-02-14 10:34:03'),
('811f4cb3-266d-45ba-b832-082ac5facc25', 'b018a458b1034345aa1c075c964d6e22d17e4678f78443118fd94371c8fdc884', '2025-02-18 20:38:06', 0, '28c9767c-cc7c-4948-836a-512a749df074', '2025-02-14 10:32:48', '2025-02-14 10:34:03'),
('81224146-e6c6-41d9-8312-4c9a75f9c9e0', '66dc558db8de4b6f8770f314d3fd05b4eee08bdf70be416483e8e4b9ed6a0351', '2025-01-22 19:57:00', 0, '467af9a7-453f-417f-9517-fe93a7d2de2c', '2025-02-14 10:32:48', '2025-02-14 10:34:03'),
('818dd4c3-db95-4ef1-bcea-6b3c6b275b1f', '1f051f2da5ea448c83eeeb39c3f99130aec1592b97b048559add1945e9a4f026', '2025-02-21 10:01:50', 0, '594202c5-186f-4006-acfc-e23277fc48f1', '2025-02-14 10:32:48', '2025-02-14 10:34:03'),
('821228cb-1746-4b94-a339-67f4ce0f6539', '79d432942f584e1e94603e74385a2d6b8e796f2ea8904ecca6ab88e4f39eb8d3', '2025-02-11 10:37:23', 0, '28c9767c-cc7c-4948-836a-512a749df074', '2025-02-14 10:32:48', '2025-02-14 10:34:03'),
('827b10b8-2595-4bf6-8496-41fcc9a2a2cb', '3c586cb655914c2f8a759fce458d33fccdec8741a17b4507a8eabf2029ed9cb5', '2025-02-11 10:34:47', 0, '28c9767c-cc7c-4948-836a-512a749df074', '2025-02-14 10:32:48', '2025-02-14 10:34:03'),
('837997a3-9d7f-4ac8-9fea-b9bd6a8364de', 'b7fd4741293f4fd2b82f93e33f101aa85f43875aa02e41e2a30033d5fa59ebbf', '2025-01-23 06:43:28', 0, '28c9767c-cc7c-4948-836a-512a749df074', '2025-02-14 10:32:48', '2025-02-14 10:34:03'),
('85c03af6-b72f-4f77-b229-ecd59b241deb', '1b13aad4824b4debb53347f6281fe08e782ba1b2cb6b48288d20fe99690f7710', '2025-01-25 13:27:38', 0, '467af9a7-453f-417f-9517-fe93a7d2de2c', '2025-02-14 10:32:48', '2025-02-14 10:34:03'),
('86719cae-dd27-47fa-8e8c-f741d07316fa', 'c6f60e5c1314460aab85e92e4548f0990721c7d515894b6eb619b96c9db28e74', '2025-02-19 19:27:21', 0, '28c9767c-cc7c-4948-836a-512a749df074', '2025-02-14 10:32:48', '2025-02-14 10:34:03'),
('86d4238f-e0ac-4f82-bd45-c072afc97009', '02ecb42d40bf4a53a055333b24e0145844e0a7c3eda146c7b2600b0105849b78', '2025-01-25 23:33:37', 0, '28c9767c-cc7c-4948-836a-512a749df074', '2025-02-14 10:32:48', '2025-02-14 10:34:03'),
('87b38358-668e-4f23-a0a5-2052f332a0a8', '51fa63b409444e02bf5c7103c1a9d831b2252de5e7594369899ca2b40f760def', '2025-02-06 18:40:09', 0, '28c9767c-cc7c-4948-836a-512a749df074', '2025-02-14 10:32:48', '2025-02-14 10:34:03'),
('88963040-b1dd-45a1-80cf-b911a1c0bad2', '33bbb6defaa14c3895be85e08da7bd95a5b0871663c4412b8769ad4d2389d406', '2025-01-23 07:15:32', 0, '28c9767c-cc7c-4948-836a-512a749df074', '2025-02-14 10:32:48', '2025-02-14 10:34:03'),
('892c7f27-e33f-4f47-a0da-0af58f5e7989', '192cade4d1c14048935934654050aed4a6e23b5cc8ac42e4a559dc9bacd6af30', '2025-02-18 20:40:28', 0, '28c9767c-cc7c-4948-836a-512a749df074', '2025-02-14 10:32:48', '2025-02-14 10:34:03'),
('8b4a1707-ee85-4fc0-9fa3-290e2c3c0891', 'c00f4c0e774e43d28716d0d7ab64603924d129e72dc047a983ab89805a31a82f', '2025-01-25 16:18:19', 0, '12e1a649-7d6d-4ca5-bab9-0b31ec22340c', '2025-02-14 10:32:48', '2025-02-14 10:34:03'),
('8b51186c-974e-4d11-95ab-733167d8c3db', 'bc4693bf22634d3bbec9309138da6c8e75ef1ae920044ab28eedc784732eb14c', '2025-02-11 10:25:17', 0, '28c9767c-cc7c-4948-836a-512a749df074', '2025-02-14 10:32:48', '2025-02-14 10:34:03'),
('8b62d12c-547f-4f70-b539-9bf48232ae63', 'c82186588f6a49dbbc1f0ef4ed9a1140a9641d361a9e41b69d0d1338e816611d', '2025-01-25 18:20:53', 0, '9a1c0826-a2b2-47ed-bf7f-1581ba0c7a7d', '2025-02-14 10:32:48', '2025-02-14 10:34:03'),
('8beb9d04-6c93-4d7c-b527-77a2a90d82d5', '15fe05da78dc45dc8cb382af5a34082595285e0bfe33447796b1e32a97f9d9bc', '2025-02-06 23:30:33', 0, '28c9767c-cc7c-4948-836a-512a749df074', '2025-02-14 10:32:48', '2025-02-14 10:34:03'),
('8c286e99-cb97-47d9-9e24-f82c65867e5f', 'f5d805aa478d48ac92026b025802a21f75cfdb5a477b4e788c40ece83855b1f4', '2025-02-18 20:41:12', 0, '28c9767c-cc7c-4948-836a-512a749df074', '2025-02-14 10:32:48', '2025-02-14 10:34:03'),
('91cacea2-448e-4b00-92cd-e630ec76e661', '14f1d55f0e9440f5b6220323ba7a5367c59108ecaeb54728aff234b0d882174c', '2025-01-25 16:29:48', 0, '28c9767c-cc7c-4948-836a-512a749df074', '2025-02-14 10:32:48', '2025-02-14 10:34:03'),
('937f0a94-1c0f-4be0-95f3-0054402d7340', '693e9ff154db4678a640715eccf9f309c396d60088f04032963647fc307c16cd', '2025-02-18 20:31:03', 0, '28c9767c-cc7c-4948-836a-512a749df074', '2025-02-14 10:32:48', '2025-02-14 10:34:03'),
('93b20131-0a99-460b-bb6b-7dc899c56cfa', '24f685caee774293b6fe2fdf24f29014e78920df6a7f4b7eb329ec2fac32aefc', '2025-02-11 12:12:11', 0, '60d6b130-dd78-401d-ae22-ff910d2de993', '2025-02-14 10:32:48', '2025-02-14 10:34:03'),
('95711c50-60e0-493d-89c6-a2389af3dd5a', 'ce05d6fd73b1408d8e4cd9803533e94a9ca13ee43faa4a5d956a5ec5b72a82ba', '2025-02-11 10:23:22', 0, '60d6b130-dd78-401d-ae22-ff910d2de993', '2025-02-14 10:32:48', '2025-02-14 10:34:03'),
('98e625d8-6fb0-479c-bc1c-cb009bd3002c', '15f2ff81f0a04f45a8cb133ec4949ab3ac97b1aee7694f5b803d03fa2f71aa74', '2025-01-23 09:41:15', 0, '12e1a649-7d6d-4ca5-bab9-0b31ec22340c', '2025-02-14 10:32:48', '2025-02-14 10:34:03'),
('996eab56-8023-49d9-b5bf-7e989378206e', 'f73c7ef9eb6d420191d9e92ce1707d78253f6bff060a4ce2bf4f100c3d8dfacb', '2025-01-31 14:03:19', 0, '28c9767c-cc7c-4948-836a-512a749df074', '2025-02-14 10:32:48', '2025-02-14 10:34:03'),
('9a0198c3-1499-42b4-991d-a642194c4939', 'fad8670a694943338acc47a39d313b124df81d6074c24e8cb3e41c4189cb9734', '2025-02-11 11:04:18', 0, '60d6b130-dd78-401d-ae22-ff910d2de993', '2025-02-14 10:32:48', '2025-02-14 10:34:03'),
('9aa09004-7da9-42a3-aef0-d0de3920bfc2', '66d022fbd74442ebaf8885081d115fbe931b504aa6dd49abbe9fd9659a05843a', '2025-01-31 11:25:19', 0, '28c9767c-cc7c-4948-836a-512a749df074', '2025-02-14 10:32:48', '2025-02-14 10:34:03'),
('9ae20021-2872-4328-8f54-89ca080d3771', 'defa3f7c2eb040288fce6df3f9f1467bb5ad336ca4eb469ab0d64a71845400fd', '2025-01-24 12:43:29', 0, '12e1a649-7d6d-4ca5-bab9-0b31ec22340c', '2025-02-14 10:32:48', '2025-02-14 10:34:03'),
('9e77bc22-9862-492a-adb3-722f52bfc19e', '3cb7d41286244f478368a11590a597f6c20af1a457cf454f97f901fd6d248e6c', '2025-01-30 11:31:56', 0, '28c9767c-cc7c-4948-836a-512a749df074', '2025-02-14 10:32:48', '2025-02-14 10:34:03'),
('9f360170-65b1-471f-80b6-3c79b4d38a52', '2d7edb68ee4d4042878ce948ae0d235c75b70af978314a43bac17de8c140a8c7', '2025-02-04 18:20:39', 0, '12e1a649-7d6d-4ca5-bab9-0b31ec22340c', '2025-02-14 10:32:48', '2025-02-14 10:34:03'),
('9f439160-8030-450c-b1f4-beff3915f1e3', '9608f160ecdb4798951cbd6b1eaf7e44cb8385cf9e9a46409c5c1ae9785fb59e', '2025-02-21 10:20:58', 0, '63989529-55af-4551-9c29-73c1e28c7e61', '2025-02-14 10:32:48', '2025-02-14 10:34:03'),
('a06bfee9-6f43-49b5-bc91-faa48a6dd39d', 'eddbfcb65fa3435095a76a9d76dc9a5077f0ae32321141528dfd03e1cade6a47', '2025-02-04 21:42:46', 0, '28c9767c-cc7c-4948-836a-512a749df074', '2025-02-14 10:32:48', '2025-02-14 10:34:03'),
('a0fc4fe6-69aa-487e-b9a9-8c536ed3ae47', '644cec5614aa4f2fb9194e1f5e59d44bdee1705be3ba460880ee70af7db60bda', '2025-01-25 14:10:10', 0, '98d74809-b74a-4a95-ab03-ca37ab107506', '2025-02-14 10:32:48', '2025-02-14 10:34:03'),
('a4240f3a-efc0-4ca4-b8d2-61ba8cf9ab97', '5349f8a7dcc94728a1981d591c7fd3ebbed63f28dd4345b280c251ec3f014210', '2025-01-23 09:57:10', 0, '467af9a7-453f-417f-9517-fe93a7d2de2c', '2025-02-14 10:32:48', '2025-02-14 10:34:03'),
('a5db0a70-02cb-412a-bceb-0907a932780b', '3b48d10a38a84a27a512b9fc76ef48c6255fd54cd3e54140a1663f939848f5e8', '2025-02-17 07:45:36', 0, '28c9767c-cc7c-4948-836a-512a749df074', '2025-02-14 10:32:48', '2025-02-14 10:34:03'),
('a6302b00-2921-4254-b0a9-d3db8018a482', '9fbf089649af4c7e91ded7ea5e4b9c3bd0135e1dce7f4824a481d44f4111a03c', '2025-02-19 11:57:07', 0, '28c9767c-cc7c-4948-836a-512a749df074', '2025-02-14 10:32:48', '2025-02-14 10:34:03'),
('a8226acf-63ce-4b6e-b2a3-47e43f02a31b', '86b9fe6be64e4bef8f9f632f1394184e6e9d79034c494fa18bb8b1b00873a5e7', '2025-02-18 20:38:20', 0, '28c9767c-cc7c-4948-836a-512a749df074', '2025-02-14 10:32:48', '2025-02-14 10:34:03'),
('a9616c42-db6a-4a19-908e-d389c33bc0bf', '786f7e99c03d4da0b530f252085f3c73ab2c22cd88294a81976d8809425d562a', '2025-01-23 09:57:10', 0, '467af9a7-453f-417f-9517-fe93a7d2de2c', '2025-02-14 10:32:48', '2025-02-14 10:34:03'),
('aa212dc3-77e2-447e-b06a-97d7d3ec99bb', '253b2520eb644d39bb70f66d617606da7a4ed912a2a94ee0bc5161e81e07d863', '2025-01-23 06:43:10', 0, '28c9767c-cc7c-4948-836a-512a749df074', '2025-02-14 10:32:48', '2025-02-14 10:34:03'),
('aa3c5aff-1912-40ba-a0e9-d2b6e9f14507', '7da2fbc730d646548b59a52492f4da0b8c72c4f228dc47f099b3f8cfb94ef265', '2025-01-25 14:07:31', 0, '9a1c0826-a2b2-47ed-bf7f-1581ba0c7a7d', '2025-02-14 10:32:48', '2025-02-14 10:34:03'),
('aa4ea359-4a5b-4608-aa3f-5ebff9ffd24d', 'a923526cef03496b942ec218474c9ecec92a939be8184e6e8b0f7c2f9f95bbb2', '2025-02-19 08:38:46', 0, '28c9767c-cc7c-4948-836a-512a749df074', '2025-02-14 10:32:48', '2025-02-14 10:34:03'),
('aca54050-5193-4c28-a641-a59fb51a016e', 'a925dacef4fa4d00ba293236f9c97ce1449cb30c436840aaa9a7ddf22367bec0', '2025-02-11 11:04:03', 0, '28c9767c-cc7c-4948-836a-512a749df074', '2025-02-14 10:32:48', '2025-02-14 10:34:03'),
('ace5a03d-ae1c-4d72-8f77-5d6678afe5e8', 'b44c249ffec04e4cad5610fd5e0cdf85b1b594c3fe434d1bad220f9fce068590', '2025-02-06 23:23:38', 0, '28c9767c-cc7c-4948-836a-512a749df074', '2025-02-14 10:32:48', '2025-02-14 10:34:03'),
('ada8050c-646b-4649-9566-154ad20c5e13', '23d21495a0a748fa9403bc1a887e025656face92cfd1492c9d518efd1b4cd875', '2025-01-26 14:23:17', 0, '28c9767c-cc7c-4948-836a-512a749df074', '2025-02-14 10:32:48', '2025-02-14 10:34:03'),
('b01c1b79-5e38-4398-870a-3abf3f6509dc', '99aad8cb91d54835b7c8d7a00a57584209e750658ec34e0e832813dd007e410c', '2025-02-06 22:37:55', 0, '28c9767c-cc7c-4948-836a-512a749df074', '2025-02-14 10:32:48', '2025-02-14 10:34:03'),
('b0de6823-ad5d-44c7-a50b-f39e8d5cb892', '4be02e81d0084ebb8edd46e4d1daa2ad851c9e2ab88543019ede7999efa3e87e', '2025-01-23 09:57:10', 0, '467af9a7-453f-417f-9517-fe93a7d2de2c', '2025-02-14 10:32:48', '2025-02-14 10:34:03'),
('b12a6971-e8c6-49d2-9eae-378ba536c017', '6d83073c94834f0dba21b6c91a56e18463bb5340c46a4cd48bcc82d84caf54f7', '2025-02-06 23:14:37', 0, '28c9767c-cc7c-4948-836a-512a749df074', '2025-02-14 10:32:48', '2025-02-14 10:34:03'),
('b47f7f05-8aaa-4121-be4e-7261b7bb5683', 'e63cdf705cc046b395786fa31ba0aff3ae717ecc7ae94681b8b830220fb063a7', '2025-01-23 08:16:56', 0, '467af9a7-453f-417f-9517-fe93a7d2de2c', '2025-02-14 10:32:48', '2025-02-14 10:34:03'),
('b61b1a7e-d561-46e7-b75e-92683fd6275f', '46d6f9d84b684e02a11adb2e263953c7a4b678ad74aa46159a4ad4169563233a', '2025-01-27 17:13:59', 0, '28c9767c-cc7c-4948-836a-512a749df074', '2025-02-14 10:32:48', '2025-02-14 10:34:03'),
('b62c0883-2be7-4fea-af6e-04bf00472ffa', '84eff868d2374a5fa0334c7cd1c9327d5ad03a34c516439780c3baed2b43b4a4', '2025-01-23 07:14:34', 0, '28c9767c-cc7c-4948-836a-512a749df074', '2025-02-14 10:32:48', '2025-02-14 10:34:03'),
('b676f22a-0e68-4c28-96a1-d376657cf525', 'a4480b1bfe80474fbe0279474f572ec895df26c5978640a2b6927dee389a2cf4', '2025-02-11 10:38:37', 0, '28c9767c-cc7c-4948-836a-512a749df074', '2025-02-14 10:32:48', '2025-02-14 10:34:03'),
('b6794a3e-15bc-4715-ac70-1d94beac0daa', '246f4ba5dfe44978881e568531e973d13aa311ab6ed34124a1a276528b8e8115', '2025-02-19 12:16:46', 0, '28c9767c-cc7c-4948-836a-512a749df074', '2025-02-14 10:32:48', '2025-02-14 10:34:03'),
('b72251ce-d07a-4046-bfed-2987ff26d83b', '437d1b4d9199459dbf9e24ee0c68ef5c67e082dd29054eb29a6485955d7102d2', '2025-02-18 20:40:56', 0, '28c9767c-cc7c-4948-836a-512a749df074', '2025-02-14 10:32:48', '2025-02-14 10:34:03'),
('b79ce423-e9c5-40e0-b96c-171f22a83cbf', 'e1ff6878196f49909c4642c7f129b0d7f2faa1e6bff9499797fe5e10f1c68890', '2025-02-06 23:03:31', 0, '28c9767c-cc7c-4948-836a-512a749df074', '2025-02-14 10:32:48', '2025-02-14 10:34:03'),
('b8ef8905-3a34-4fd8-907d-ec09be5c7c1e', '713fbea4f5e34fc7b5d6b59837aa989f95ad69aafe104f429f2fe090248756e5', '2025-01-30 21:34:07', 0, '12e1a649-7d6d-4ca5-bab9-0b31ec22340c', '2025-02-14 10:32:48', '2025-02-14 10:34:03'),
('ba604e1d-a6f8-4297-ad81-5f683312f5e1', 'fb921906bac54e8d93c769998fee87d080418eb06be24142ad6b59efdae33201', '2025-02-18 20:34:13', 0, '28c9767c-cc7c-4948-836a-512a749df074', '2025-02-14 10:32:48', '2025-02-14 10:34:03'),
('bd09f9ee-f573-4f8b-94d8-b5ae02a679f2', 'c64483b19add41998d88606ecc4c1eddb6dd06dcf2544ea9987ded5dae82578a', '2025-02-19 12:25:12', 0, '28c9767c-cc7c-4948-836a-512a749df074', '2025-02-14 10:32:48', '2025-02-14 10:34:03'),
('bd0cb019-f6f5-4850-8190-17bc458bd320', 'bf2e2911dd5c44ca99e9e72dc7d87dd8a34a95edd59a4190b330979884e0f9e5', '2025-01-25 23:28:53', 0, '28c9767c-cc7c-4948-836a-512a749df074', '2025-02-14 10:32:48', '2025-02-14 10:34:03'),
('bd158fdc-2e55-4210-9fa7-94038f291b74', 'b13f43426d434185a720a64775ba16325d48e87f50bc4aa5819a3c9d185a81ca', '2025-02-19 19:04:07', 0, '28c9767c-cc7c-4948-836a-512a749df074', '2025-02-14 10:32:48', '2025-02-14 10:34:03'),
('bdf0c543-74d9-4e40-b8db-45bef2408145', '1a8d99c848fa4f2eb2e9152b9c3061a15804d68e4f8e4b7d8b196f44ffd60514', '2025-02-21 10:01:33', 0, '63989529-55af-4551-9c29-73c1e28c7e61', '2025-02-14 10:32:48', '2025-02-14 10:34:03'),
('bfafa74b-fe30-45d1-8eee-699368a466d4', '93b30ae4c2724785a96fb1c9f927458e1564b6dbec5a405faa0845c5631c0607', '2025-02-19 11:56:46', 0, '28c9767c-cc7c-4948-836a-512a749df074', '2025-02-14 10:32:48', '2025-02-14 10:34:03'),
('bfb70226-4980-44e9-8d63-dcd680292242', '0853dcc9713346ddba57b7b5e36ab134b075916a06a845f2bfc42187205b097d', '2025-02-18 21:12:53', 0, '28c9767c-cc7c-4948-836a-512a749df074', '2025-02-14 10:32:48', '2025-02-14 10:34:03'),
('c148c891-6daa-443e-b7bf-e629d45f6664', 'fc9e452678a64acbbba8f4015d9b842e809829301525480fa134bb66535bb077', '2025-02-11 10:33:10', 0, '60d6b130-dd78-401d-ae22-ff910d2de993', '2025-02-14 10:32:48', '2025-02-14 10:34:03'),
('c1e16d5f-00e9-405d-845f-41e4e32562d0', 'a7627f151c0e4eb99a279f4d5e0c8324110c35857e3844379909369cd39b6a7a', '2025-01-26 14:30:05', 0, '28c9767c-cc7c-4948-836a-512a749df074', '2025-02-14 10:32:48', '2025-02-14 10:34:03'),
('c23fe6ba-8b98-451a-a734-a232f035e48b', 'd6620de7201e4c098f418aaa033570f9e44953b355f644c0b9badef2b3c0c594', '2025-01-22 19:53:59', 0, '467af9a7-453f-417f-9517-fe93a7d2de2c', '2025-02-14 10:32:48', '2025-02-14 10:34:03'),
('c2e4fd13-d6bd-459e-bba1-d476fc380490', '62659a8a1bdc45f684e63fdf3472fd8daec8b19dedae40019584162b77a55b57', '2025-01-25 16:13:53', 0, '28c9767c-cc7c-4948-836a-512a749df074', '2025-02-14 10:32:48', '2025-02-14 10:34:03'),
('c38b7ac2-6fd6-46cb-bf8f-e3b2a903b3c9', 'ceff087802254ef491cce54480dd541d3aeb3cb879c745048ff9a7ca7535cff3', '2025-02-19 12:02:16', 0, '28c9767c-cc7c-4948-836a-512a749df074', '2025-02-14 10:32:48', '2025-02-14 10:34:03'),
('c3aa317d-bfe7-452e-9918-d4de039c1345', '8b44061f055941ecadf811f2edf4a9a77f480a9f9dc64463a8531f4710943fe7', '2025-02-19 12:16:22', 0, '28c9767c-cc7c-4948-836a-512a749df074', '2025-02-14 10:32:48', '2025-02-14 10:34:03'),
('c4a10bef-cd2d-4596-8052-c6dd30740245', '579a9019f76441ef96d6a1b88d048e0e0b43981b17fa48a59a1d6acfeee0e031', '2025-01-24 12:42:57', 0, '12e1a649-7d6d-4ca5-bab9-0b31ec22340c', '2025-02-14 10:32:48', '2025-02-14 10:34:03'),
('c6295111-74ff-49d8-84da-7359d9d5f0f8', '07883ad1244340f19eee88d004260bc4314fe67fae8d4982b7576c0a6590a577', '2025-02-11 10:37:31', 0, '60d6b130-dd78-401d-ae22-ff910d2de993', '2025-02-14 10:32:48', '2025-02-14 10:34:03'),
('c73a3e97-064e-44b5-a3dc-a470390e84c7', '886f9caa1c6c4fb0964397acf7deedf341e7d34f8d124009867fe71a0f3f6c93', '2025-01-22 21:05:50', 0, '467af9a7-453f-417f-9517-fe93a7d2de2c', '2025-02-14 10:32:48', '2025-02-14 10:34:03'),
('c94ef900-e692-49f8-bb10-2e5bdfb66fb0', '49ef990f814d4c2dbefc62b536943f9190e67a87de564d9cbe4e99bd9639dffc', '2025-02-19 06:57:25', 0, '28c9767c-cc7c-4948-836a-512a749df074', '2025-02-14 10:32:48', '2025-02-14 10:34:03'),
('c98bea73-fd5c-42b6-8304-b486d95c0e4b', 'c6ea6787fa3742ccbdd787426d19fae4b050ed0aac914129865ccc402ccebe19', '2025-01-23 09:40:10', 0, '467af9a7-453f-417f-9517-fe93a7d2de2c', '2025-02-14 10:32:48', '2025-02-14 10:34:03'),
('c9cf0930-3c54-4ed6-ae24-6882a4c311fa', 'e7dfc30c22fb4859b881637976ed9c9314f606cf5b2e4b58bd329edf9ef35258', '2025-02-02 18:03:01', 0, '28c9767c-cc7c-4948-836a-512a749df074', '2025-02-14 10:32:48', '2025-02-14 10:34:03'),
('ca4124be-a6da-44e1-8b47-9ef2ecdb3666', '88e0aaffbeeb4cbfac8ea50440352e67ed765f1ee4234171962e0e5b0b89ea68', '2025-01-29 17:58:00', 0, '28c9767c-cc7c-4948-836a-512a749df074', '2025-02-14 10:32:48', '2025-02-14 10:34:03'),
('caed786b-f0fa-4ad9-a3be-43b4f433aeec', 'e776d8b5ca7e45c0a1ad4a40671f9bbbadd92ecad0cd47a5928bd6600bd909dc', '2025-02-11 10:43:30', 0, '28c9767c-cc7c-4948-836a-512a749df074', '2025-02-14 10:32:48', '2025-02-14 10:34:03'),
('cb0bfdd2-0a52-477c-8b7c-aaad478cbc17', '5b57a177f02649a6b28a2e8169d3406fb8f2e57291c44d289338cad6450d9def', '2025-02-06 23:24:18', 0, '28c9767c-cc7c-4948-836a-512a749df074', '2025-02-14 10:32:48', '2025-02-14 10:34:03'),
('cc6cd04f-269c-462d-9417-43fc9b66c115', '95256a3d1cf647c0a913dbcbbbb55fe16fbd601866964caeb45e494cead98888', '2025-02-19 12:16:05', 0, '28c9767c-cc7c-4948-836a-512a749df074', '2025-02-14 10:32:48', '2025-02-14 10:34:03'),
('cc84d76c-6d94-4da4-a474-aa298ba30e26', '2d76eb70db164f34a62ceed4a1bfed14a5229e60a395459d8d96a58b83344cc3', '2025-02-18 20:38:12', 0, '28c9767c-cc7c-4948-836a-512a749df074', '2025-02-14 10:32:48', '2025-02-14 10:34:03'),
('cc9cc9e7-7c2b-4b25-9ac2-2974d0b5ac0a', '26b4dd3707a444dca84367e973b9614a9b3fc29f5174462b9d50201b251ebf93', '2025-01-29 17:56:54', 0, '28c9767c-cc7c-4948-836a-512a749df074', '2025-02-14 10:32:48', '2025-02-14 10:34:03'),
('cefe7445-612b-4e80-ada8-8eb362e1d088', 'ddee34c880424058aa477ec151c8347597822f1ef13d4f74b20a480eab5b6955', '2025-02-18 21:12:47', 0, '28c9767c-cc7c-4948-836a-512a749df074', '2025-02-14 10:32:48', '2025-02-14 10:34:03'),
('cf8cfa8e-0fad-4d77-961a-60ddf3ad9dbd', '5d8043967c7145e3a84c7a0ec2223e6f9c63e55cb77b422988ed3247a5c5bc07', '2025-02-11 10:22:20', 0, '28c9767c-cc7c-4948-836a-512a749df074', '2025-02-14 10:32:48', '2025-02-14 10:34:03'),
('d12e8804-ad93-459c-8c27-8e691f59ada2', 'c92a5604e85945e5bd38212c783751bbb7f13c69d34443688c158d26744d235b', '2025-02-18 20:40:21', 0, '28c9767c-cc7c-4948-836a-512a749df074', '2025-02-14 10:32:48', '2025-02-14 10:34:03'),
('d179c1c2-9a87-4536-b4e0-9c44a17a3f50', '93b0fd629215471cb4a3af81ba45a4f61c67d2e3a9aa4b07b9541a1218c70189', '2025-02-18 20:40:40', 0, '28c9767c-cc7c-4948-836a-512a749df074', '2025-02-14 10:32:48', '2025-02-14 10:34:03'),
('d1ebb3d6-be74-4400-aa95-2d466df0441c', 'e7bf84ef9939454fa717f3cdbc9158eb26f70e09cbd94bcaabf8c9a79ac828c3', '2025-01-23 10:07:21', 0, '9a1c0826-a2b2-47ed-bf7f-1581ba0c7a7d', '2025-02-14 10:32:48', '2025-02-14 10:34:03'),
('d370fc0a-3e00-4556-a1fd-981fe9dd8045', '2c4ecd152ec64a0d99b6a74d3eb5d8d1878bf6b1ed4b4cfcac980e66d414d5ac', '2025-01-30 09:30:21', 0, '12e1a649-7d6d-4ca5-bab9-0b31ec22340c', '2025-02-14 10:32:48', '2025-02-14 10:34:03'),
('d44aefd9-56cb-4f13-bc74-678b82d11ac8', '53859817ade0439fbfc0f1aed4f481c9a764641bc40e41b08a3ba4cb460f1746', '2025-01-29 21:58:00', 0, '60d6b130-dd78-401d-ae22-ff910d2de993', '2025-02-14 10:32:48', '2025-02-14 10:34:03'),
('d45e8ac2-a48d-4fd7-9ca4-f925c9be75f2', '7942aec0c3414485881c4abe9f1f4455dab06ab862e24513890a122ae48cf093', '2025-02-02 22:56:14', 0, '28c9767c-cc7c-4948-836a-512a749df074', '2025-02-14 10:32:48', '2025-02-14 10:34:03'),
('d5902e7d-4e1e-4248-a930-746827f04e42', 'cb22900f51b84a0ca3883b94d221fc48f64f489c0ab84a069709e35397510458', '2025-02-11 12:20:11', 0, '28c9767c-cc7c-4948-836a-512a749df074', '2025-02-14 10:32:48', '2025-02-14 10:34:03'),
('d59bca7c-b714-4320-9b52-d1d20f7395fd', '24e8c897e07e439ba7b51389e29843f543a36a51a34b46afaf037c31e9d4cd4b', '2025-01-25 13:32:42', 0, '467af9a7-453f-417f-9517-fe93a7d2de2c', '2025-02-14 10:32:48', '2025-02-14 10:34:03'),
('d64c0fc1-09a0-4b03-905c-a43ebe18a9ca', '93483a0eabc446339b4ed5a8e45f5266851748bd8fc74fce9025ffc789f09ddc', '2025-02-18 21:13:19', 0, '28c9767c-cc7c-4948-836a-512a749df074', '2025-02-14 10:32:48', '2025-02-14 10:34:03'),
('d6b67baf-11d5-40a4-a2fa-16cc8a785e7e', '294b441bf7464cb89d18e77a2b225625fc9529e8fac9418fbff350ce27f4a094', '2025-02-21 10:50:37', 0, '28c9767c-cc7c-4948-836a-512a749df074', '2025-02-14 10:50:37', '2025-02-14 10:50:37'),
('d85454cb-fab9-4756-8a6e-a64f13554a74', 'c61d15dcba984f1f9febf7a16a7295fd149dacd43e1b4bf5a4564eef98a0b0cb', '2025-02-11 15:00:00', 0, '28c9767c-cc7c-4948-836a-512a749df074', '2025-02-14 10:32:48', '2025-02-14 10:34:03'),
('d857c255-2004-4084-82f6-0a5f9d05294a', '9e878c9a592743eb87ba359a9867f283f8753d225bd84215a67f8839f19ff814', '2025-02-11 10:08:16', 0, '60d6b130-dd78-401d-ae22-ff910d2de993', '2025-02-14 10:32:48', '2025-02-14 10:34:03'),
('d950c538-face-47a2-a646-99c082ede180', '242e17ae7ec14370b89c3f2bde6982a4e13286a1625d4d169d0e81b7ead03ce4', '2025-01-23 07:47:02', 0, '467af9a7-453f-417f-9517-fe93a7d2de2c', '2025-02-14 10:32:48', '2025-02-14 10:34:03'),
('da2da500-b400-4a77-9fdf-a4d46d471f22', 'c0b7fc5a0e3d4388b82e54ba9029124f4420c906a3434343b7089758b6061777', '2025-02-02 17:08:09', 0, '12e1a649-7d6d-4ca5-bab9-0b31ec22340c', '2025-02-14 10:32:48', '2025-02-14 10:34:03'),
('ddcca851-4273-4902-bff7-be8d6749d849', '411813d7f57341988a2d3dcd4c68e28856b28b44e77a49538d733a3ebef0dbf7', '2025-01-25 16:25:28', 0, '28c9767c-cc7c-4948-836a-512a749df074', '2025-02-14 10:32:48', '2025-02-14 10:34:03'),
('dea2ef76-6438-4e30-967b-37ca9415e82a', '4d4040ca87544c268470fcb5e1ed8a2f781ff3ab809643979547b14b33c2644c', '2025-02-02 16:55:21', 0, '12e1a649-7d6d-4ca5-bab9-0b31ec22340c', '2025-02-14 10:32:48', '2025-02-14 10:34:03'),
('df255793-d243-43b3-8d74-06f3b864e52a', '1f731b1ea18e4ba7a8b4a55355bff6c1ee85fff596cc420aac9ee797f13b455e', '2025-02-21 10:24:35', 0, '63989529-55af-4551-9c29-73c1e28c7e61', '2025-02-14 10:32:48', '2025-02-14 10:34:03'),
('dfe3e4cc-1ab0-40c7-b980-4d979ed63984', '36d26211a0ee40a9b434d9f5090c1f44d8034f2e0da841be8e30fb53ae4651de', '2025-01-29 18:01:55', 0, '28c9767c-cc7c-4948-836a-512a749df074', '2025-02-14 10:32:48', '2025-02-14 10:34:03'),
('e049fdd8-b29a-4a20-afb4-02cf421324bc', '4feba730f0de4dfb9c223a5b2d4e7c3e6107b20871d345eb818810b521af1fea', '2025-02-19 12:24:14', 0, '28c9767c-cc7c-4948-836a-512a749df074', '2025-02-14 10:32:48', '2025-02-14 10:34:03'),
('e084956a-cee4-4bc1-ab4f-52617a8b648c', '75078855a7b7425b9e917f661c32369bd9eff2cfaa2c43678f5504549eac1578', '2025-01-23 08:54:11', 0, '467af9a7-453f-417f-9517-fe93a7d2de2c', '2025-02-14 10:32:48', '2025-02-14 10:34:03'),
('e0b3e11c-a8e8-4481-9e59-2a7702c8dab8', '1d27cc00f5594d98a972cf4d80de91ae69d35bc5e3e643fdad588994862fe935', '2025-02-17 08:22:42', 0, '28c9767c-cc7c-4948-836a-512a749df074', '2025-02-14 10:32:48', '2025-02-14 10:34:03'),
('e181dde5-49d8-42d8-be7d-243b6a717079', 'ae7ac6419ff5414c96f65e171fed674a736a6071996644ed9d7e58d5be6e73d0', '2025-01-24 08:44:03', 0, '467af9a7-453f-417f-9517-fe93a7d2de2c', '2025-02-14 10:32:48', '2025-02-14 10:34:03'),
('e277c462-8872-4b17-be31-13965a10c2e8', '92432b525593466db68dda5dda8e7f7e70e09d8406824658888c1f24b9179088', '2025-01-24 18:30:16', 0, '12e1a649-7d6d-4ca5-bab9-0b31ec22340c', '2025-02-14 10:32:48', '2025-02-14 10:34:03'),
('e2efeefc-52b2-4025-9703-a3996485bea5', '37911822dd33485bb0ec92b44a72ae933ef371860d744fefa16936de731da4ba', '2025-01-29 22:05:30', 0, '28c9767c-cc7c-4948-836a-512a749df074', '2025-02-14 10:32:48', '2025-02-14 10:34:03'),
('e32efa12-4460-4101-8b60-a1d9f7c0701e', 'b287e4988d69479e853e3fc25c842fdbc8a4987dfdb548b7934e785a1babfa31', '2025-02-11 12:18:42', 0, '28c9767c-cc7c-4948-836a-512a749df074', '2025-02-14 10:32:48', '2025-02-14 10:34:03'),
('e5c0d77d-2166-470d-970f-5f701a99b53f', 'ed0dab412443439a8ecbc6dd3a4e10081f86b750713a41a387291490503dd6a2', '2025-02-11 10:43:58', 0, '28c9767c-cc7c-4948-836a-512a749df074', '2025-02-14 10:32:48', '2025-02-14 10:34:03'),
('e6152059-c395-4491-88cb-0c53334abc32', 'b11df4ae563f4072a359c2252a9adf0fde156be685b14d50a20798c63dec3a81', '2025-02-06 23:17:20', 0, '28c9767c-cc7c-4948-836a-512a749df074', '2025-02-14 10:32:48', '2025-02-14 10:34:03'),
('e6628af3-6891-4201-b174-f8c6065fb141', '3f74cdc9a8a94229ac974f03313890490a6292fa17124deb889d0c26a822a5af', '2025-02-02 17:10:06', 0, '28c9767c-cc7c-4948-836a-512a749df074', '2025-02-14 10:32:48', '2025-02-14 10:34:03'),
('e8454563-9106-4b85-8a26-7c13722cf3d3', 'a61b87fe91cb46dfba42b6a271abd38b4f499d2f62a64bd79f59546c60820a59', '2025-01-25 17:19:13', 0, 'b49f053f-9d59-4359-b9f8-e00a50f5145f', '2025-02-14 10:32:48', '2025-02-14 10:34:03'),
('ea17f84d-cd1b-45f9-b2c6-2ec1a0783fb1', 'c0f93947d37447d6ae7425d6f1a97536f8f0f87cf20c47ac9e98fca35f0f2b82', '2025-02-19 11:53:34', 0, '28c9767c-cc7c-4948-836a-512a749df074', '2025-02-14 10:32:48', '2025-02-14 10:34:03'),
('ea86c5ff-17f2-4dd0-acab-21f242b7381c', '4c8490622a2840589b0e185249c63ecede8542cf3b714cdc9feb05ecb82dcfe0', '2025-02-17 20:58:43', 0, '28c9767c-cc7c-4948-836a-512a749df074', '2025-02-14 10:32:48', '2025-02-14 10:34:03'),
('eb672259-8766-491d-9b62-61a20366c724', '2394cf1f290f4f6d8649a12071bf6c8c68157866545b40b58637af000ec317f8', '2025-01-29 17:41:41', 0, '28c9767c-cc7c-4948-836a-512a749df074', '2025-02-14 10:32:48', '2025-02-14 10:34:03'),
('ed543c9a-6455-43d4-ac99-cf221e53c60b', '05d90700b40941c2a0be5b6dbdc86ea6756db797256a4a1390cba63c560ff6f2', '2025-01-25 14:06:05', 0, '9a1c0826-a2b2-47ed-bf7f-1581ba0c7a7d', '2025-02-14 10:32:48', '2025-02-14 10:34:03'),
('ed94dd67-3f64-4576-9cac-cd74fe703803', 'd83485f2ab754a5ba5cd53c3ee6fa5d44068c83667d043d2b325282cde53d2ea', '2025-02-06 23:33:54', 0, '28c9767c-cc7c-4948-836a-512a749df074', '2025-02-14 10:32:48', '2025-02-14 10:34:03'),
('eee724e8-8e4f-4f0d-95be-5f5e2de31eba', '00e2579f5ab54933aecdbc20e0bcf0382c893e16b9f140e1845925e70cff9338', '2025-02-21 10:50:42', 0, '28c9767c-cc7c-4948-836a-512a749df074', '2025-02-14 10:50:41', '2025-02-14 10:50:41'),
('f188b381-5ebc-4d36-ad80-1d16304942d2', 'af3c99e32c544a9fb9018ccd80d3f3f196a188a826d340c39a9a8f83ac9232c0', '2025-02-18 21:13:01', 0, '28c9767c-cc7c-4948-836a-512a749df074', '2025-02-14 10:32:48', '2025-02-14 10:34:03'),
('f28f5a48-2c6a-4aea-8562-afae6f3fc7bb', '0c40c9be3529492da81cae1e383e971f735c12bc2eba4a21b47e6adb6dbef0a5', '2025-01-29 21:58:18', 0, '60d6b130-dd78-401d-ae22-ff910d2de993', '2025-02-14 10:32:48', '2025-02-14 10:34:03'),
('f4a34195-9125-472a-bc6b-a1acd168a5ea', '3b930ec363f745368f0edc3360e752a3290fa64aea974480af3e327c4269ac78', '2025-02-18 20:38:36', 0, '28c9767c-cc7c-4948-836a-512a749df074', '2025-02-14 10:32:48', '2025-02-14 10:34:03');
INSERT INTO `refresh_tokens` (`id`, `token`, `expiration`, `is_revoked`, `user_id`, `created_at`, `updated_at`) VALUES
('f5299f79-964b-479f-b1a4-63d1e663ddca', 'a62c92c07c164954ab0cef4fa936fd7140c6b9aa6b4a4ce58ca70bebe1945bcc', '2025-02-11 10:46:40', 0, '28c9767c-cc7c-4948-836a-512a749df074', '2025-02-14 10:32:48', '2025-02-14 10:34:03'),
('f75cc70b-022b-424f-9ac8-a1da1ff025f9', '6479faa908904027a428d89de00b1ec13e17c54531fd4dcabf70a47ed6d5cb52', '2025-01-23 07:13:19', 0, '12e1a649-7d6d-4ca5-bab9-0b31ec22340c', '2025-02-14 10:32:48', '2025-02-14 10:34:03'),
('f98b69cf-2cbe-4769-82e8-ff21b81e1f3b', '01c551984ec0441b9dbe242a45e44ac9fc6b949427c04a5c87f74a1f0b7f1ef1', '2025-01-31 11:24:42', 0, '28c9767c-cc7c-4948-836a-512a749df074', '2025-02-14 10:32:48', '2025-02-14 10:34:03'),
('f9b9b061-c48c-4866-98e7-12d3b254529a', '4f54640fd1c549df9e5fac605843eecd5f8087f9843c4f82884dfb40a951520f', '2025-01-25 23:51:58', 0, '28c9767c-cc7c-4948-836a-512a749df074', '2025-02-14 10:32:48', '2025-02-14 10:34:03'),
('facc4ce0-3408-44a7-aea1-e76af6c5d7d0', 'f15ef6d2f85449b6b15268236e1011b1ad544ba5fcfe48548f127b96e2903f7a', '2025-01-23 09:41:43', 0, '12e1a649-7d6d-4ca5-bab9-0b31ec22340c', '2025-02-14 10:32:48', '2025-02-14 10:34:03'),
('fb5108bc-e99b-42bd-84b1-a243c7dbb816', '2892ca54840b4477a885cb5db76e8a60460de573e7b5410fbf2806149af30787', '2025-02-11 10:47:09', 0, '28c9767c-cc7c-4948-836a-512a749df074', '2025-02-14 10:32:48', '2025-02-14 10:34:03'),
('fc37022e-2e7c-488d-b779-efb0e2c74102', 'f56f95d47c5c4689bed02136d8a7b04049862ad2694c4eb4b4e3ae23cef4892d', '2025-01-24 18:23:44', 0, '12e1a649-7d6d-4ca5-bab9-0b31ec22340c', '2025-02-14 10:32:48', '2025-02-14 10:34:03'),
('fd1397ea-7754-4eaf-ab50-f23d90c0e351', 'dd1284c9661046ad92739135d9c0df497e29a3a802e04a9ca5ed42fb4d04bc6c', '2025-01-29 18:00:23', 0, '28c9767c-cc7c-4948-836a-512a749df074', '2025-02-14 10:32:48', '2025-02-14 10:34:03'),
('fd49c29c-0a27-4167-9715-1a189a705e7f', '40053f8797ee48299214d895c412de71a66f5d22d8a7494c9c087cbaa569d062', '2025-01-22 20:36:16', 0, '467af9a7-453f-417f-9517-fe93a7d2de2c', '2025-02-14 10:32:48', '2025-02-14 10:34:03'),
('fe2ab369-b6cc-4e30-8ce7-98ccc2bf9127', '401af6da7b604616ae9b8b4934d44af82615072831fe4748879d46f803477407', '2025-02-11 10:43:52', 0, '60d6b130-dd78-401d-ae22-ff910d2de993', '2025-02-14 10:32:48', '2025-02-14 10:34:03'),
('fe51b7f3-3813-4937-a13a-8f4a5cc9be62', '2d47e558465949578475e9aff9be9d29a67d18a36a0d41b3ba2b369a116b1ae9', '2025-02-15 23:44:23', 0, 'ea463842-9948-444a-8413-ed5142db6a1c', '2025-02-14 10:32:48', '2025-02-14 10:34:03');

-- --------------------------------------------------------

--
-- Table structure for table `tables`
--

CREATE TABLE `tables` (
  `id` char(36) NOT NULL,
  `number` int(11) NOT NULL,
  `capacity` tinyint(4) NOT NULL,
  `is_booked` tinyint(1) NOT NULL,
  `location_id` char(36) NOT NULL,
  `created_at` timestamp NOT NULL DEFAULT CURRENT_TIMESTAMP,
  `updated_at` timestamp NOT NULL DEFAULT CURRENT_TIMESTAMP ON UPDATE CURRENT_TIMESTAMP
) ENGINE=InnoDB DEFAULT CHARSET=utf8;

--
-- Dumping data for table `tables`
--

INSERT INTO `tables` (`id`, `number`, `capacity`, `is_booked`, `location_id`, `created_at`, `updated_at`) VALUES
('24056f9d-5ba7-421e-9b7c-cb5cac394542', 3, 4, 0, 'cbdd928f-5abb-4a0b-9023-0866107cfa9a', '2025-02-14 10:32:48', '2025-02-14 10:34:03'),
('57895900-d28d-41bb-a759-29dd208d4e69', 1, 4, 0, 'cbdd928f-5abb-4a0b-9023-0866107cfa9a', '2025-02-14 10:32:48', '2025-02-14 10:34:03'),
('59eace57-537b-4b9a-954a-d66e194b165b', 5, 8, 0, 'cbdd928f-5abb-4a0b-9023-0866107cfa9a', '2025-02-14 10:32:48', '2025-02-14 10:34:03'),
('5be216bd-1498-4a93-b56c-7970292c24c5', 6, 8, 0, 'cbdd928f-5abb-4a0b-9023-0866107cfa9a', '2025-02-14 10:32:48', '2025-02-14 10:34:03'),
('a854c1f5-6bb5-49d2-940d-21760bc4bf24', 2, 4, 0, 'cbdd928f-5abb-4a0b-9023-0866107cfa9a', '2025-02-14 10:32:48', '2025-02-14 10:34:03'),
('ddba8ae3-68e7-4039-99e0-7df26de94940', 4, 8, 0, 'cbdd928f-5abb-4a0b-9023-0866107cfa9a', '2025-02-14 10:32:48', '2025-02-14 10:34:03');

-- --------------------------------------------------------

--
-- Table structure for table `table_bookings`
--

CREATE TABLE `table_bookings` (
  `id` char(36) NOT NULL,
  `table_id` char(36) DEFAULT NULL,
  `booker_id` char(36) DEFAULT NULL,
  `booked_from` datetime DEFAULT NULL,
  `booked_to` datetime DEFAULT NULL,
  `created_at` timestamp NOT NULL DEFAULT CURRENT_TIMESTAMP,
  `updated_at` timestamp NOT NULL DEFAULT CURRENT_TIMESTAMP ON UPDATE CURRENT_TIMESTAMP
) ENGINE=InnoDB DEFAULT CHARSET=utf8;

--
-- Dumping data for table `table_bookings`
--

INSERT INTO `table_bookings` (`id`, `table_id`, `booker_id`, `booked_from`, `booked_to`, `created_at`, `updated_at`) VALUES
('164406a2-bf86-4018-a868-ba18221b9ff4', '57895900-d28d-41bb-a759-29dd208d4e69', '28c9767c-cc7c-4948-836a-512a749df074', '2025-02-12 18:40:37', '2025-02-12 19:40:37', '2025-02-14 10:32:48', '2025-02-14 10:34:03'),
('6d04718c-d144-42fb-9219-4217dc259e6b', '24056f9d-5ba7-421e-9b7c-cb5cac394542', '63989529-55af-4551-9c29-73c1e28c7e61', '2025-02-14 10:21:52', '2025-02-14 12:21:52', '2025-02-14 10:32:48', '2025-02-14 10:34:03');

-- --------------------------------------------------------

--
-- Table structure for table `table_guests`
--

CREATE TABLE `table_guests` (
  `id` char(36) NOT NULL,
  `user_id` char(36) DEFAULT NULL,
  `booking_id` char(36) DEFAULT NULL,
  `created_at` timestamp NOT NULL DEFAULT CURRENT_TIMESTAMP,
  `updated_at` timestamp NOT NULL DEFAULT CURRENT_TIMESTAMP ON UPDATE CURRENT_TIMESTAMP
) ENGINE=InnoDB DEFAULT CHARSET=utf8;

--
-- Dumping data for table `table_guests`
--

INSERT INTO `table_guests` (`id`, `user_id`, `booking_id`, `created_at`, `updated_at`) VALUES
('77ec960d-117f-4976-b6ea-e36457d904e6', '1de8b8ff-1117-4204-9810-a74839453e4c', '164406a2-bf86-4018-a868-ba18221b9ff4', '2025-02-14 10:32:48', '2025-02-14 10:34:03'),
('c535929c-52ec-4ee0-bb7e-fc8ca342a2a3', '1de8b8ff-1117-4204-9810-a74839453e4c', '6d04718c-d144-42fb-9219-4217dc259e6b', '2025-02-14 10:32:48', '2025-02-14 10:34:03'),
('ff6c530b-2c70-45d9-b18f-95c1c0865e9a', '594202c5-186f-4006-acfc-e23277fc48f1', '6d04718c-d144-42fb-9219-4217dc259e6b', '2025-02-14 10:32:48', '2025-02-14 10:34:03');

-- --------------------------------------------------------

--
-- Table structure for table `users`
--

CREATE TABLE `users` (
  `id` char(36) NOT NULL,
  `username` varchar(20) NOT NULL,
  `display_name` varchar(50) NOT NULL,
  `password_hash` varchar(255) NOT NULL,
  `salt` varchar(255) NOT NULL,
  `legal_name` varchar(50) NOT NULL,
  `birth_date` date NOT NULL,
  `role` enum('guest','waiter','admin') NOT NULL,
  `created_at` timestamp NOT NULL DEFAULT CURRENT_TIMESTAMP,
  `img_url` varchar(255) DEFAULT NULL,
  `updated_at` timestamp NOT NULL DEFAULT CURRENT_TIMESTAMP ON UPDATE CURRENT_TIMESTAMP
) ENGINE=InnoDB DEFAULT CHARSET=utf8;

--
-- Dumping data for table `users`
--

INSERT INTO `users` (`id`, `username`, `display_name`, `password_hash`, `salt`, `legal_name`, `birth_date`, `role`, `created_at`, `img_url`, `updated_at`) VALUES
('12e1a649-7d6d-4ca5-bab9-0b31ec22340c', 'string', '', '5TctpsGtoWEuPxhYp2QWzdz0O+SyA9kJKmFyUk8RjfY=', 'dDF2q2OljgL6ZuLEmKRn+A==', 'string', '2025-01-13', 'guest', '2025-01-13 08:34:56', '12e1a649-7d6d-4ca5-bab9-0b31ec22340c.webp', '2025-02-14 10:34:04'),
('1de8b8ff-1117-4204-9810-a74839453e4c', 'domi', '', 'h4hJaFOOrL/Gwmx8nz8D3xzKLDUfGq5p0N0XzvJydYw=', 'KCkFiQGM9H8c2Rt7ygbugA==', 'domonkos', '2002-05-25', 'guest', '2025-01-15 07:58:03', '1de8b8ff-1117-4204-9810-a74839453e4c.webp', '2025-02-14 10:34:04'),
('28c9767c-cc7c-4948-836a-512a749df074', 'admin', 'admin', '0hDpdBdv+pJGamxpGqQJyQPoBkMjMqc0EEugeLAvHH4=', '86oEMEtZRt0x9P9xHuXdOA==', 'John Admin', '2000-01-14', 'admin', '2025-01-14 17:04:45', '28c9767c-cc7c-4948-836a-512a749df074.webp', '2025-02-14 10:34:04'),
('36a335ac-aba6-48bb-8f99-549a91828c4f', 'tokentest', '', 'g7cp/qFR+NX2gtfpg1zACW3WD0XcgPuYIFEvm2FZUGU=', 'BowW9a8r60Z3hGKAkR7ONA==', 'Ez egy token teszt', '2025-01-09', 'guest', '2025-01-09 14:24:42', '36a335ac-aba6-48bb-8f99-549a91828c4f.webp', '2025-02-14 10:34:04'),
('372b441d-2456-4c88-9146-f26a79c238ed', 'gyozo', 'Gáspár Gyozo', 'YvrtR01Iz8ppEKZUYhTgf7Rj7x+on5nsum8eoIQycSE=', 'eC9+o6OE0wAJMWy/95QGMA==', 'Gáspár Gyozo', '2002-09-20', 'guest', '2025-01-18 17:59:23', '372b441d-2456-4c88-9146-f26a79c238ed.webp', '2025-02-14 10:34:04'),
('4011844d-ef2e-49ea-9e03-89299d646c77', 'testuser07', 'testuser07', 'dUIa37P0XX6fKwwAeUBNGJjTmSX4diumj91RK6PaB/U=', 'bNjVDs5x0SdrlBcOw9vzBA==', 'testuser07', '1993-06-16', 'guest', '2025-02-04 10:06:23', '4011844d-ef2e-49ea-9e03-89299d646c77.webp', '2025-02-14 10:34:04'),
('4027a04e-1c54-44cf-8f60-9b2e5d930bae', 'Tibcsi', 'Illés Tibor', 'c1uTLBFOGP1U88kPlSux1AsNSloDDKAnacsgL5oQcPY=', 'lShqXK3uEfHINULelNgxcg==', 'Illés Tibor', '2005-10-09', 'guest', '2025-02-08 23:42:41', '4027a04e-1c54-44cf-8f60-9b2e5d930bae.webp', '2025-02-14 10:34:04'),
('467af9a7-453f-417f-9517-fe93a7d2de2c', 'user', '', 'AxlvMVDd3Kv0Zm7tmyG0lfjFJKizIA+mI4227ifjNts=', 'XGkxOhR/VL0Iu1kZuHAYMg==', 'Fikusz Kukisz', '1999-01-05', 'guest', '2025-01-10 14:44:12', '467af9a7-453f-417f-9517-fe93a7d2de2c.webp', '2025-02-14 10:34:04'),
('52cc119a-dd50-44d9-9fb9-d1daf2f0202a', 'johnstring', '', 'XxCtfCntVVHjwQGEeluCTJRnRFv2ZsRvOGmGg0RwnIw=', 'pWicQe1wDLeZXG1T+jUZMQ==', 'string', '2005-01-15', 'guest', '2025-01-15 19:42:50', '52cc119a-dd50-44d9-9fb9-d1daf2f0202a.webp', '2025-02-14 10:34:04'),
('52dd411d-1693-490d-9779-7773a071b117', 'mostjo', '', 'RtP1yEzZunPK13QN+ww/QFE0jrggPzDol37gJpm/AzU=', 'Wwk90/8N7JzfAZg1oRc57w==', 'string', '2025-01-14', 'guest', '2025-01-14 16:28:11', '52dd411d-1693-490d-9779-7773a071b117.webp', '2025-02-14 10:34:04'),
('594202c5-186f-4006-acfc-e23277fc48f1', 'friend2', 'friend2', 'E+CFmbqnjQjH25amT/7+uaZ+jtcLY4mzTPJh0QTCfR4=', 'QAg3CxMKC/HdEVAe1Ed2WQ==', 'friend2', '2000-01-01', 'guest', '2025-02-14 10:00:12', '594202c5-186f-4006-acfc-e23277fc48f1.webp', '2025-02-14 10:34:04'),
('60d6b130-dd78-401d-ae22-ff910d2de993', 'adminferi', 'adminferi', 'BKRtAPGJtYJ23gRrd3S+uNr1GIxo73FXEK32O+NInUo=', 'XvMdAiPlusJyl05crzxkVA==', 'adminferi', '1993-02-10', 'guest', '2025-01-22 21:57:54', '60d6b130-dd78-401d-ae22-ff910d2de993.webp', '2025-02-14 10:34:04'),
('63989529-55af-4551-9c29-73c1e28c7e61', 'friend1', 'friend1', '7ldgDBAzj/xA88482iBoxSNYDuUbGapN5xCMX+SA24w=', 'tlatAvv4/BxWyuutNPfy3g==', 'friend1', '2000-01-01', 'guest', '2025-02-14 09:59:57', '63989529-55af-4551-9c29-73c1e28c7e61.webp', '2025-02-14 10:34:04'),
('64e5cf24-dd49-4b74-8435-420283f8ee83', 'jwt', '', '7STAnwVo2FKKa0xBW+t/oQMQGvhkcevkQKtha4hnvpA=', 'x0PSIFd5naA+XxamqokoSQ==', 'string', '2025-01-10', 'guest', '2025-01-10 07:40:04', '64e5cf24-dd49-4b74-8435-420283f8ee83.webp', '2025-02-14 10:34:04'),
('67d7581e-4569-4eaf-ba0d-fce71a94e120', 'MC Zsolti', 'Gáspár Zsolt', 'lhgvc97LeiJTgW2cyLYo1iMpOWVKmRkgJMt6qKQu5mc=', 'voj4Z5BeSvJSkDMU9JA2yg==', 'Gáspár Zsolt', '1981-02-10', 'guest', '2025-01-18 18:17:31', '67d7581e-4569-4eaf-ba0d-fce71a94e120.webp', '2025-02-14 10:34:04'),
('7ddea88b-8a12-406c-b5ad-9cc388d38417', 'teljesnev', '', 'uvJOwITp66DTGB5iBMJVkTlUoq7ZKDSAP8yG/x0ZNr4=', 'aGFQCyuLxjSBSCUTw5YB/Q==', 'Teljes Nev', '2001-01-01', 'guest', '2025-01-15 07:50:06', '7ddea88b-8a12-406c-b5ad-9cc388d38417.webp', '2025-02-14 10:34:04'),
('8007a9aa-dc06-43cc-8e0f-7fed06bcfc75', 'tester', '', 'tE9g6vFwE2P1aHFO9kUBL0WMFV9hTcqKqumepFlXWsI=', '47N+PYLJmuxflkB/Aq2qUw==', 'string', '2025-01-09', 'guest', '2025-01-09 14:15:26', '8007a9aa-dc06-43cc-8e0f-7fed06bcfc75.webp', '2025-02-14 10:34:04'),
('98d74809-b74a-4a95-ab03-ca37ab107506', 'testusername', 'TESZT', 'YkrBNWr8+qggOdtXprbVkhl5dEnVRoTc3bRbN8apVqY=', 'lWpchfEUH5va4n0Wn44qgQ==', 'TESZT', '2003-06-19', 'guest', '2025-01-18 14:08:45', '98d74809-b74a-4a95-ab03-ca37ab107506.webp', '2025-02-14 10:34:04'),
('9a1c0826-a2b2-47ed-bf7f-1581ba0c7a7d', 'csecs', '', 'X01S9+VPOTfVuS3/RzEd2AGfLGTFne3efdJy7zr8muA=', 'B6Blt3DTupi7/H7dbI51IQ==', 'Pepsi Béla', '2004-06-23', 'guest', '2025-01-10 14:12:28', '9a1c0826-a2b2-47ed-bf7f-1581ba0c7a7d.webp', '2025-02-14 10:34:04'),
('9d8dc924-2ca1-45ca-9d1f-d83c48f2ab24', 'asdasdasd', '', 'ODm8SMAjnyryt+sXXohuk3jdJbfn38Ljgb5Iafuo5t8=', '/TR2ECulNjsuVFOa5j8uNA==', 'tanarur', '2002-05-25', 'guest', '2025-01-15 11:55:40', '9d8dc924-2ca1-45ca-9d1f-d83c48f2ab24.webp', '2025-02-14 10:34:04'),
('a4aeae77-6cf7-4ce1-9cea-9bb14ff8ebe7', 'kgbela', '', '6Mgcd6UQbiSVOGW8pb75FPOP8knWRoKf21TFYmu3t5s=', 'YVIZP8FfmxvCvfQNgIqV/w==', 'KGBéla', '2002-11-15', 'guest', '2025-01-15 12:19:07', 'a4aeae77-6cf7-4ce1-9cea-9bb14ff8ebe7.webp', '2025-02-14 10:34:04'),
('b19b36a4-d838-4996-afbb-8d1bc005d308', 'PacekH4CK3R', 'fasz fasz', 'L80UZDmNDqUujEK2cPDx1SCXhTxe/2Te4UX8XarRjjI=', 'ic5Zw9lXBcjRKOQlUxX46w==', 'fasz fasz', '2000-02-20', 'guest', '2025-02-03 17:54:45', 'b19b36a4-d838-4996-afbb-8d1bc005d308.webp', '2025-02-14 10:34:04'),
('b49f053f-9d59-4359-b9f8-e00a50f5145f', 'asd', 'asan', 'lIR67rnedRBmqF48mskslxUsNhzsnhov9AWhFlmLGWs=', 'b3ERZoEbzDnjQKkOGSVvgQ==', 'asan', '1996-06-20', 'guest', '2025-01-18 17:19:07', 'b49f053f-9d59-4359-b9f8-e00a50f5145f.webp', '2025-02-14 10:34:04'),
('b987bdf5-74ce-4c29-b39d-5ecfaecc5026', 'leo', '', 'Xj8JghEQJLsvRzSNL733gHGjOCERGLwo9D2gXxyq+AI=', 'WlAysKShCOF0cKrE8o1aVg==', 'leonardo', '2025-01-10', 'guest', '2025-01-10 07:03:09', 'b987bdf5-74ce-4c29-b39d-5ecfaecc5026.webp', '2025-02-14 10:34:04'),
('bab61c73-ad3b-48c3-a6c6-47e19c3df87a', 'admin1', 'asd', 'RgjQC+fVRzCmf/uvfk+9hWwOezMWadJ+VUyuo65FtpA=', 'GNckKglJcbp/degCQl7yIA==', 'asd', '1990-06-21', 'guest', '2025-01-19 14:29:15', 'bab61c73-ad3b-48c3-a6c6-47e19c3df87a.webp', '2025-02-14 10:34:04'),
('bba54a66-7e71-4e14-98e0-8f435e0b2f7b', 'Kurvaanyad', 'Kristóf György', 'BXolCs5zZ2wdAC1GUHnYDIT6xeTM1nhkPtE/DV+kMg0=', 'g5aw9/j8ggBY0qmkQjOuvw==', 'Kristóf György', '2005-02-02', 'guest', '2025-02-08 23:42:13', 'bba54a66-7e71-4e14-98e0-8f435e0b2f7b.webp', '2025-02-14 10:34:04'),
('dcfa5a52-bd52-4f5d-9050-a3fe3691cc0b', 'namegy', '', 'MguXySR4IQl79CO9ZM+6oLxGdYWmfTmO8Wedv/KaTD0=', '23Diy0tE83EUMfdS6CaBaA==', 'string', '2025-01-14', 'guest', '2025-01-14 16:16:13', 'dcfa5a52-bd52-4f5d-9050-a3fe3691cc0b.webp', '2025-02-14 10:34:04'),
('dd7af3ea-42b3-4969-b586-6b185a8b32e6', 'nomon', 'Celesztin', 'EmPUpHxPICRICvgueG+Oy9ddYx1eCi/GCpGADBQ1VcA=', 'z5R4Hxm78MlQ4gYJFS1EGA==', 'Celesztin', '1996-07-01', 'guest', '2025-02-03 17:55:24', 'dd7af3ea-42b3-4969-b586-6b185a8b32e6.webp', '2025-02-14 10:34:04'),
('ea463842-9948-444a-8413-ed5142db6a1c', 'Tibike', 'Illés Tibor', 'L3k9W1UHXQyka5/uLI8Nn7bvl2YoOoxGbEJKoHFwPmA=', '8HfTvxS8ofWoECaVLQx24g==', 'Illés Tibor', '2005-10-09', 'guest', '2025-02-08 23:44:10', 'ea463842-9948-444a-8413-ed5142db6a1c.webp', '2025-02-14 10:34:04');

-- --------------------------------------------------------

--
-- Table structure for table `user_achievements`
--

CREATE TABLE `user_achievements` (
  `id` char(36) NOT NULL,
  `user_id` char(36) NOT NULL,
  `achievement_id` char(36) NOT NULL,
  `achieved_at` timestamp NOT NULL DEFAULT CURRENT_TIMESTAMP
) ENGINE=InnoDB DEFAULT CHARSET=utf8;

--
-- Indexes for dumped tables
--

--
-- Indexes for table `achievements`
--
ALTER TABLE `achievements`
  ADD PRIMARY KEY (`id`);

--
-- Indexes for table `business_hours`
--
ALTER TABLE `business_hours`
  ADD PRIMARY KEY (`id`),
  ADD KEY `location_id` (`location_id`);

--
-- Indexes for table `events`
--
ALTER TABLE `events`
  ADD PRIMARY KEY (`id`),
  ADD KEY `location_id` (`location_id`);

--
-- Indexes for table `event_attendance`
--
ALTER TABLE `event_attendance`
  ADD PRIMARY KEY (`id`),
  ADD KEY `event_id` (`event_id`),
  ADD KEY `user_id` (`user_id`);

--
-- Indexes for table `friendships`
--
ALTER TABLE `friendships`
  ADD PRIMARY KEY (`id`),
  ADD UNIQUE KEY `unique_friendship_pair` (`user_id1`,`user_id2`),
  ADD KEY `fk_friendship_user2` (`user_id2`);

--
-- Indexes for table `locations`
--
ALTER TABLE `locations`
  ADD PRIMARY KEY (`id`);

--
-- Indexes for table `orders`
--
ALTER TABLE `orders`
  ADD PRIMARY KEY (`id`),
  ADD KEY `table_id` (`table_id`),
  ADD KEY `user_id` (`user_id`),
  ADD KEY `location_id` (`location_id`);

--
-- Indexes for table `order_items`
--
ALTER TABLE `order_items`
  ADD PRIMARY KEY (`id`),
  ADD KEY `order_id` (`order_id`),
  ADD KEY `product_id` (`product_id`);

--
-- Indexes for table `products`
--
ALTER TABLE `products`
  ADD PRIMARY KEY (`id`),
  ADD KEY `location_id` (`location_id`);

--
-- Indexes for table `refresh_tokens`
--
ALTER TABLE `refresh_tokens`
  ADD PRIMARY KEY (`id`),
  ADD UNIQUE KEY `IX_RefreshTokens_Token` (`token`),
  ADD KEY `FK_RefreshTokens_Users` (`user_id`);

--
-- Indexes for table `tables`
--
ALTER TABLE `tables`
  ADD PRIMARY KEY (`id`),
  ADD KEY `location_id` (`location_id`);

--
-- Indexes for table `table_bookings`
--
ALTER TABLE `table_bookings`
  ADD PRIMARY KEY (`id`),
  ADD KEY `table_id` (`table_id`,`booker_id`),
  ADD KEY `booker_id` (`booker_id`);

--
-- Indexes for table `table_guests`
--
ALTER TABLE `table_guests`
  ADD PRIMARY KEY (`id`),
  ADD KEY `user_id` (`user_id`),
  ADD KEY `booking_id` (`booking_id`);

--
-- Indexes for table `users`
--
ALTER TABLE `users`
  ADD PRIMARY KEY (`id`);

--
-- Indexes for table `user_achievements`
--
ALTER TABLE `user_achievements`
  ADD PRIMARY KEY (`id`),
  ADD UNIQUE KEY `unique_user_achievement` (`user_id`,`achievement_id`),
  ADD KEY `fk_achievement` (`achievement_id`);

--
-- Constraints for dumped tables
--

--
-- Constraints for table `business_hours`
--
ALTER TABLE `business_hours`
  ADD CONSTRAINT `business_hours_ibfk_1` FOREIGN KEY (`location_id`) REFERENCES `locations` (`id`);

--
-- Constraints for table `events`
--
ALTER TABLE `events`
  ADD CONSTRAINT `events_ibfk_1` FOREIGN KEY (`location_id`) REFERENCES `locations` (`id`);

--
-- Constraints for table `event_attendance`
--
ALTER TABLE `event_attendance`
  ADD CONSTRAINT `event_attendance_ibfk_2` FOREIGN KEY (`event_id`) REFERENCES `events` (`id`),
  ADD CONSTRAINT `event_attendance_ibfk_3` FOREIGN KEY (`user_id`) REFERENCES `users` (`id`);

--
-- Constraints for table `friendships`
--
ALTER TABLE `friendships`
  ADD CONSTRAINT `fk_friendship_user1` FOREIGN KEY (`user_id1`) REFERENCES `users` (`id`) ON DELETE CASCADE,
  ADD CONSTRAINT `fk_friendship_user2` FOREIGN KEY (`user_id2`) REFERENCES `users` (`id`) ON DELETE CASCADE;

--
-- Constraints for table `orders`
--
ALTER TABLE `orders`
  ADD CONSTRAINT `orders_ibfk_2` FOREIGN KEY (`table_id`) REFERENCES `tables` (`id`),
  ADD CONSTRAINT `orders_ibfk_3` FOREIGN KEY (`user_id`) REFERENCES `users` (`id`),
  ADD CONSTRAINT `orders_ibfk_4` FOREIGN KEY (`location_id`) REFERENCES `locations` (`id`);

--
-- Constraints for table `order_items`
--
ALTER TABLE `order_items`
  ADD CONSTRAINT `order_items_ibfk_1` FOREIGN KEY (`order_id`) REFERENCES `orders` (`id`),
  ADD CONSTRAINT `order_items_ibfk_2` FOREIGN KEY (`product_id`) REFERENCES `products` (`id`);

--
-- Constraints for table `products`
--
ALTER TABLE `products`
  ADD CONSTRAINT `products_ibfk_1` FOREIGN KEY (`location_id`) REFERENCES `locations` (`id`);

--
-- Constraints for table `refresh_tokens`
--
ALTER TABLE `refresh_tokens`
  ADD CONSTRAINT `FK_RefreshTokens_Users` FOREIGN KEY (`user_id`) REFERENCES `users` (`id`) ON DELETE CASCADE;

--
-- Constraints for table `tables`
--
ALTER TABLE `tables`
  ADD CONSTRAINT `tables_ibfk_2` FOREIGN KEY (`location_id`) REFERENCES `locations` (`id`);

--
-- Constraints for table `table_bookings`
--
ALTER TABLE `table_bookings`
  ADD CONSTRAINT `table_bookings_ibfk_1` FOREIGN KEY (`booker_id`) REFERENCES `users` (`id`),
  ADD CONSTRAINT `table_bookings_ibfk_2` FOREIGN KEY (`table_id`) REFERENCES `tables` (`id`);

--
-- Constraints for table `table_guests`
--
ALTER TABLE `table_guests`
  ADD CONSTRAINT `table_guests_ibfk_1` FOREIGN KEY (`user_id`) REFERENCES `users` (`id`),
  ADD CONSTRAINT `table_guests_ibfk_2` FOREIGN KEY (`booking_id`) REFERENCES `table_bookings` (`id`);

--
-- Constraints for table `user_achievements`
--
ALTER TABLE `user_achievements`
  ADD CONSTRAINT `fk_achievement` FOREIGN KEY (`achievement_id`) REFERENCES `achievements` (`id`) ON DELETE CASCADE,
  ADD CONSTRAINT `fk_user` FOREIGN KEY (`user_id`) REFERENCES `users` (`id`) ON DELETE CASCADE;
COMMIT;

/*!40101 SET CHARACTER_SET_CLIENT=@OLD_CHARACTER_SET_CLIENT */;
/*!40101 SET CHARACTER_SET_RESULTS=@OLD_CHARACTER_SET_RESULTS */;
/*!40101 SET COLLATION_CONNECTION=@OLD_COLLATION_CONNECTION */;
